year_of_incorporation,startup_name,community_round,angel_syndication,funding_round_type,changed_shareholder_structure,hot_spot,average_status,number_external_shareholders,number_angels
2017,MONAVINCI GmbH,0,1,0,0,1,0.0,7,2
2017,CIKONI GmbH,0,0,1,0,0,0.0,2,1
2017,wealthpilot GmbH,1,1,1,1,1,0.0,18,5
2017,ME Mobile Education GmbH,0,0,0,0,0,0.0,1,1
2017,Communicate2Integrate GmbH,0,0,0,1,1,0.0,1,1
2017,Uniberry GmbH,0,0,1,0,0,0.0,3,1
2017,EINHUNDERT Energie GmbH,1,1,1,1,0,0.0,20,6
2017,Parloa GmbH,0,0,1,0,1,0.0,4,1
2017,Digital Apartment GmbH,0,1,0,0,0,1.0,2,2
2017,Nuventura GmbH,1,1,1,1,1,1.0,25,14
2017,Your Driver GmbH,0,0,0,0,0,0.0,1,1
2017,Viamonda GmbH,0,0,1,1,0,0.0,3,1
2017,Luminovo GmbH,1,1,1,1,1,1.0,13,7
2017,MyBiotech GmbH,0,0,1,1,0,0.0,8,1
2017,Renumics GmbH,0,0,0,0,0,0.0,3,1
2017,Perfood GmbH,0,0,1,1,0,0.0,17,1
2017,CapLab GmbH,0,0,1,0,0,0.0,6,1
2017,CheckForPet GmbH,0,0,0,1,0,0.0,3,1
2017,CAPTIQ GmbH,0,1,0,1,0,0.0,19,2
2017,Go Crush GmbH,1,1,1,1,0,0.0,11,3
2017,Laserhub GmbH,1,1,1,1,0,1.0,20,7
2017,JET CEUTICALS GmbH,1,1,1,0,1,0.0,6,2
2017,Feral GmbH,1,1,1,1,1,1.0,22,6
2017,Trusted Music UG (haftungsbeschränkt),1,0,0,0,0,0.0,2,1
2017,myRapunzel GmbH,0,1,0,0,0,0.0,2,2
2017,synatos GmbH,0,0,0,0,1,0.0,1,1
2017,GRITSpot GmbH,1,1,1,1,1,1.0,11,5
2017,KitchenAdvisor GmbH,0,0,0,1,0,0.0,1,1
2017,promejo GmbH,0,0,0,0,0,0.0,2,1
2017,YFood Labs GmbH,1,0,1,1,1,0.0,8,1
2017,BELLISSY Deutschland GmbH,1,0,1,1,0,0.0,3,1
2017,Recrudo GmbH,0,0,0,0,0,0.0,2,1
2017,Rhyk Technologies GmbH,1,1,1,1,0,1.0,11,3
2017,Last Message GmbH,0,0,1,0,0,0.0,11,1
2017,INSTICUBE GmbH,0,0,1,0,1,0.0,5,1
2017,repareo GmbH,1,1,1,1,1,1.0,5,2
2017,LemonOne GmbH,1,1,1,1,1,1.0,11,3
2017,Interior Demand I/O GmbH,1,0,1,1,0,0.0,6,1
2017,BoomByte Games GmbH,0,0,0,1,1,0.0,2,1
2017,memetis GmbH,1,1,1,1,0,0.0,10,2
2017,water stuff & sun GmbH,0,1,1,0,1,0.0,7,2
2017,cloudradar GmbH,0,1,1,0,1,1.0,5,3
2017,jetlite GmbH,1,0,0,0,0,0.0,9,1
2017,Polyteia GmbH,0,0,1,1,1,0.0,3,1
2017,Plantura GmbH,1,1,1,1,1,1.0,11,5
2017,Othoz GmbH,1,1,1,1,1,1.0,15,4
2017,German Bionic Systems GmbH,0,1,1,1,1,0.0,22,3
2017,Veritas Entertainment GmbH,0,1,1,0,1,0.0,6,3
2017,SI Stuttgart Instruments GmbH,0,0,0,0,0,0.0,1,1
2017,troy GmbH,0,0,1,1,0,0.0,19,1
2017,loopingo GmbH,1,0,1,1,1,0.0,6,1
2017,STREET PRO GmbH,1,1,1,0,0,0.0,6,2
2017,SIRPLUS GmbH,1,1,1,1,1,1.0,10,5
2017,PROLIANCE GmbH,0,0,1,1,1,0.0,7,1
2017,CT-Limousinen Service GmbH,0,1,0,0,0,1.0,3,2
2017,lifespin GmbH,1,1,1,1,0,0.0,15,2
2017,Signatrix GmbH,0,1,1,1,1,0.0,7,3
2017,Nova Products GmbH,1,1,1,1,1,1.0,18,6
2017,airfocus GmbH,1,1,1,1,0,1.0,5,2
2017,Legal Hero GmbH,0,1,1,1,1,0.0,11,2
2017,Crew Gel GmbH,0,0,0,0,0,0.0,3,1
2017,StoryBox GmbH,1,0,1,1,1,0.0,4,1
2017,M-TRIBES GmbH,0,0,0,0,0,0.0,5,1
2017,mHealth Pioneers GmbH,1,1,1,1,1,1.0,8,2
2017,Motor Ai GmbH,1,1,1,1,1,0.0,6,2
2017,Climedo Health GmbH,1,1,1,0,1,1.0,13,4
2017,Rehappy GmbH,1,0,0,1,0,0.0,1,1
2017,TalentBait GmbH,1,0,0,0,0,1.0,1,1
2017,Seasonary GmbH,1,0,0,0,0,0.0,1,1
2017,MOIO GmbH,1,1,1,1,0,0.0,11,3
2017,Senorics GmbH,0,0,1,1,0,0.0,10,1
2017,Konfid.io GmbH,0,0,0,0,1,0.0,2,1
2017,Pets Deli Tonius GmbH,1,1,1,1,1,1.0,5,2
2017,Free Spirit GmbH,0,0,0,0,1,0.0,3,1
2017,HUNIC GmbH,0,1,1,0,0,1.0,23,14
2017,XK Rocket GmbH,0,0,1,0,1,0.0,3,1
2017,Scicovery GmbH,0,0,0,0,0,0.0,3,1
2017,EXPERTRY GmbH,1,0,1,1,0,1.0,2,1
2017,mobileeee GmbH,1,0,1,1,0,0.0,9,1
2017,Nexxt.One Alpha GmbH,0,0,0,0,1,0.0,4,1
2017,StudySmarter UG (haftungsbeschränkt),1,1,1,1,1,1.0,14,2
2017,ARTMO GmbH,0,1,1,1,0,1.0,29,14
2017,license.rocks GmbH,0,0,1,1,1,0.0,3,1
2017,Lieferlotse GmbH,0,0,0,0,0,0.0,3,1
2017,elfolion GmbH,0,0,0,1,0,0.0,2,1
2017,Evy Solutions GmbH,0,0,1,1,0,0.0,14,1
2017,Qolware GmbH,1,0,0,0,1,1.0,4,1
2017,PlanBlue GmbH,1,1,1,1,0,1.0,10,2
2017,Audry GmbH,1,1,1,1,1,1.0,8,3
2017,Raylytic GmbH,0,0,0,0,0,0.0,1,1
2017,One Coworking UG (haftungsbeschränkt),0,0,0,1,1,0.0,4,1
2017,Crashtest Security GmbH,1,1,1,1,1,1.0,16,4
2017,Couch Gourmet GmbH,0,0,0,0,1,1.0,2,1
2017,aidminutes GmbH,0,0,1,1,0,0.0,4,1
2017,StopApp GmbH,0,0,1,0,0,1.0,3,1
2017,playSports GmbH,0,0,1,0,0,0.0,5,1
2017,SONAL Technologies UG (haftungsbeschränkt),0,1,0,0,0,0.0,5,5
2017,iBOSS GmbH,0,0,0,0,0,0.0,3,1
2017,Artellium GmbH,1,0,1,1,0,0.0,5,1
2017,CCEX Cloud Commodities Exchange GmbH,0,0,0,1,0,0.0,1,1
2017,goodlifescience GmbH,0,1,1,1,1,1.0,11,2
2017,Doctorly GmbH,1,0,0,1,1,0.0,2,1
2017,Redwave Medical GmbH,0,1,1,1,0,0.0,7,3
2017,SKLT Strahlkraft Lasertechnik GmbH,0,0,0,0,1,0.0,2,1
2017,CyberDirekt GmbH,1,1,1,1,1,1.0,18,3
2017,Qompass Solutions GmbH,0,0,0,0,1,0.0,2,1
2017,AVA Lifescience GmbH,0,0,1,0,0,0.0,10,1
2017,findervest GmbH,0,0,0,1,1,0.0,2,1
2017,bee smart city GmbH,1,1,1,1,0,0.0,25,4
2017,Central BioHub GmbH,0,0,1,1,1,0.0,4,1
2017,Freework GmbH,1,1,1,0,1,0.0,7,3
2017,Upvest GmbH,1,1,1,1,1,1.0,13,6
2017,SEON Holding GmbH,1,1,1,1,0,1.0,17,3
2017,VisionHealth GmbH,0,0,0,1,1,0.0,6,1
2017,Tomorrow GmbH,1,1,1,1,0,1.0,15,4
2017,MOD Devices GmbH,0,0,1,0,1,0.0,6,1
2017,BringLiesel GmbH,1,0,0,1,0,1.0,2,1
2017,MediCann Handels GmbH,0,0,1,1,0,0.0,2,1
2017,Tribeca Ice Cream GmbH,1,1,1,0,1,0.0,7,4
2017,wisefood GmbH,0,0,0,1,1,1.0,1,1
2017,cabuu GmbH,0,0,0,0,0,0.0,5,1
2017,Modern Me GmbH,0,0,1,1,0,0.0,2,1
2017,reCup GmbH,0,0,1,1,1,0.0,8,1
2017,G Esports Holding GmbH,0,0,1,0,1,0.0,35,1
2017,Allisa Software GmbH,0,1,1,1,0,0.0,6,5
2017,remind me GmbH,1,1,1,1,1,1.0,13,5
2017,ilogixx GmbH,1,0,0,0,0,0.0,1,1
2017,Gunda Automation GmbH,0,0,0,0,0,0.0,1,1
2017,Qualifyze GmbH,0,0,1,1,0,0.0,7,1
2017,Inferno Ragazzi Lifestyle GmbH,0,0,0,0,0,0.0,1,1
2017,Iconic Holding GmbH,0,0,1,1,0,0.0,9,1
2017,SCIO Technology GmbH,0,0,1,1,0,0.0,9,1
2017,Pariot UG (haftungsbeschränkt),0,0,1,0,0,0.0,2,1
2017,ABCard II GmbH,0,0,0,1,0,0.0,1,1
2017,Questaware GmbH,0,0,0,0,0,0.0,1,1
2017,Sunshine Smile GmbH,1,1,1,1,1,1.0,33,12
2017,Zasta GmbH,0,0,0,1,0,0.0,1,1
2017,EcoG GmbH,0,0,1,1,1,0.0,8,1
2017,Neoscan Solutions GmbH,0,0,0,0,0,0.0,3,1
2017,Ward App GmbH,0,0,1,0,1,0.0,18,1
2017,Yard GmbH,0,1,0,0,0,0.0,4,3
2017,Vantik GmbH,1,1,1,0,1,1.0,26,8
2017,Matchday Nutrition GmbH,0,0,1,1,1,0.0,2,1
2017,alpha-cannabis Pharma GmbH,0,0,1,0,0,0.0,7,1
2017,CREWlife Holding GmbH,0,0,0,0,1,0.0,2,1
2017,Medipee GmbH,1,1,1,0,0,1.0,13,3
2017,smallstack GmbH,0,0,0,1,1,0.0,1,1
2017,EichenCredit GmbH,0,0,0,0,1,0.0,1,1
2017,completeorganics GmbH,0,0,1,1,1,0.0,5,1
2017,Cargo One GmbH,1,1,1,0,1,1.0,10,2
2017,Mozzaik GmbH,0,0,1,0,0,0.0,4,1
2017,ACT Air Coating Technologies GmbH,0,0,0,1,0,0.0,1,1
2017,Uniq Coaching GmbH,1,1,1,1,1,1.0,22,5
2017,Accemic Technologies GmbH,0,0,0,0,1,0.0,3,1
2017,Jometa GmbH Agentur für Personalwerbung,1,0,0,0,0,1.0,1,1
2017,Lift Technology GmbH,1,0,1,0,0,0.0,5,1
2017,Brighter AI Technologies GmbH,1,0,1,1,1,1.0,9,1
2017,TonePedia GmbH,1,0,1,1,0,0.0,7,1
2017,sigo GmbH,1,1,1,1,0,0.0,11,3
2017,Aible GmbH,1,1,1,1,0,1.0,6,2
2017,LawPilots GmbH,0,1,0,1,1,0.0,4,2
2017,Interactive Performance Deutschland GmbH,0,0,1,1,0,0.0,4,1
2017,Weeve GmbH,0,0,1,1,1,0.0,5,1
2017,SLL Automotive Group GmbH,1,1,1,1,1,1.0,21,4
2017,Keleya Digital-Health Solutions GmbH,1,1,1,0,1,1.0,15,3
2017,Superseven GmbH,1,0,1,1,0,0.0,13,1
2017,Leonyte Biosystems GmbH,0,1,1,0,1,0.0,9,2
2017,Intersellers GmbH,1,1,1,1,1,0.0,11,3
2017,Trust Fractal GmbH,0,1,1,0,1,0.0,6,2
2017,ArrowTec GmbH,0,1,1,1,1,1.0,21,7
2017,Bliq GmbH,1,1,1,1,1,1.0,10,2
2017,MVPF Technologies GmbH,1,0,0,1,1,1.0,2,1
2017,UpsellGuru GmbH,1,0,0,0,0,1.0,3,1
2017,Wandelbots GmbH,1,1,1,1,0,1.0,16,6
2017,ki elements UG (haftungsbeschränkt),0,0,0,1,0,0.0,3,1
2017,Jurando GmbH,0,0,0,1,0,0.0,10,1
2017,ELAN PET Products GmbH,0,0,1,1,0,0.0,4,1
2017,rapitag GmbH,0,0,1,1,1,1.0,4,1
2017,Ekko GmbH,1,0,0,1,0,1.0,1,1
2017,i2x GmbH,0,1,1,1,1,0.0,9,2
2017,AMN Data Solutions GmbH,1,1,1,1,1,1.0,16,5
2017,inveox GmbH,1,1,0,1,1,0.0,3,3
2017,bao solutions GmbH,0,0,1,1,1,0.0,18,1
2017,Nährstoff-Reich GmbH,0,0,0,0,0,0.0,2,1
2017,SoD ScreenOnDemand GmbH,0,1,1,1,1,1.0,6,2
2017,Avoid Murphy Products GmbH,0,0,0,0,0,0.0,3,1
2017,AskBy GmbH,1,1,1,1,1,1.0,11,7
2017,REACNOSTICS GmbH,0,0,0,0,0,1.0,3,1
2017,MeinAlarm24 GmbH,1,1,1,1,0,1.0,9,3
2017,Eimsig GmbH,0,0,1,0,0,0.0,2,1
2017,Siller Digital GmbH,0,0,1,0,0,0.0,2,1
2017,foodji marketplace GmbH,1,0,1,1,1,1.0,7,1
2017,Colorimetrix GmbH,1,0,1,0,1,1.0,3,1
2017,Picum MT GmbH,0,0,0,1,0,0.0,4,1
2017,StackFuel GmbH,1,1,1,1,1,1.0,11,3
2017,northh medical GmbH,0,0,1,0,0,1.0,12,1
2017,Workpath GmbH,1,0,1,1,1,1.0,7,1
2017,4less GmbH,0,0,0,0,0,0.0,2,1
2017,TimeRide GmbH,0,1,1,0,1,0.0,10,3
2017,INPERA GmbH,0,1,1,0,1,1.0,26,16
2017,Kenjo GmbH,1,1,1,1,1,1.0,29,15
2017,IRUBIS GmbH,0,0,0,1,1,0.0,3,1
2017,Eigensonne GmbH,0,0,1,0,1,0.0,3,1
2017,SCHNALZ Audio GmbH,1,0,0,0,0,1.0,2,1
2017,Valuedesk GmbH,1,0,1,1,0,0.0,10,1
2017,Futuro Farming GmbH,1,0,1,1,0,0.0,7,1
2017,Shikenso GmbH,0,1,0,1,0,0.0,3,2
2017,stilform GmbH,0,0,1,0,0,0.0,4,1
2017,Willhelm Technologies GmbH,0,1,0,0,0,0.0,4,2
2017,Lanes & Planes GmbH,1,0,1,1,1,0.0,7,1
2017,IT-Labs GmbH,0,0,0,1,0,0.0,2,1
2017,MotionMiners GmbH,0,0,1,1,0,0.0,5,1
2017,DyNAbind GmbH,0,0,0,1,0,0.0,4,1
2017,FiSens GmbH,0,1,1,0,0,0.0,7,2
2017,welearn GmbH,0,0,0,1,0,0.0,2,1
2017,Epimune GmbH,1,0,1,1,1,0.0,18,1
2017,yoganect GmbH,1,0,1,0,0,0.0,4,1
2017,Sdui GmbH,0,1,1,1,0,1.0,14,2
2017,Genevention GmbH,0,0,0,0,0,0.0,3,1
2017,HY STUDIO GmbH,0,0,1,1,1,0.0,3,1
2017,Athlyzer GmbH,0,0,1,1,0,0.0,5,1
2017,Afilio - Gesellschaft für Vorsorge mbH,1,1,1,1,1,1.0,14,2
2017,DESLAB GmbH,0,0,0,0,0,0.0,7,1
2017,AssistMe GmbH,0,0,1,1,1,0.0,9,1
2017,cioplenu GmbH,1,1,1,1,1,0.0,11,2
2017,Neurosphere UG (haftungsbeschränkt),0,0,0,0,1,0.0,1,1
2017,Hyperganic Group GmbH,1,1,1,1,1,1.0,23,2
2017,Innovailably GmbH,1,1,0,1,0,1.0,4,2
2017,Peaq Technology GmbH,1,1,1,1,1,0.0,20,3
2017,LectioPro GmbH,0,0,0,0,0,0.0,1,1
2017,alphin GmbH,1,0,1,1,1,1.0,6,1
2017,Rosental Organics GmbH,0,1,0,1,0,0.0,2,2
2017,TWINNER GmbH,0,0,1,1,0,0.0,10,1
2017,Roobeo GmbH,1,1,1,1,1,1.0,35,7
2017,VZ Networks GmbH,1,0,0,0,1,0.0,1,1
2017,Masterplan com GmbH,1,1,1,1,0,1.0,15,4
2017,1nce GmbH,0,0,1,1,0,0.0,12,1
2018,Convercycle Bikes GmbH,0,0,1,0,0,1.0,6,1
2018,TWAICE Technologies GmbH,0,0,1,1,1,0.0,8,1
2018,phellow seven GmbH,0,0,0,0,0,0.0,5,1
2018,Goodvenience.bio GmbH,1,1,1,1,0,0.0,12,4
2018,Seeland Webfactory UG (haftungsbeschränkt),0,0,0,0,0,0.0,2,1
2018,datalytix.io GmbH,0,0,1,1,0,0.0,2,1
2018,CLT Carbon Loop Technologies GmbH,1,0,1,0,1,1.0,5,1
2018,Trailerdata GmbH,0,0,0,0,1,0.0,6,1
2018,BenFit-Nutrition GmbH,0,0,1,1,0,0.0,6,1
2018,CHARGE-V GmbH,0,0,0,1,1,0.0,4,1
2018,Advanced Microfluidic Systems GmbH,0,0,0,0,0,0.0,3,1
2018,Wellster Healthtech Group GmbH,0,0,1,1,1,0.0,5,1
2018,Secufy GmbH,1,1,1,1,0,0.0,10,3
2018,Winterscheidt GmbH & Co. KG,0,0,0,0,0,0.0,2,1
2018,Healthmetrix GmbH,1,0,0,0,1,1.0,2,1
2018,gitti GmbH,1,1,1,0,1,1.0,19,4
2018,CloudRail GmbH,0,0,1,1,0,0.0,9,1
2018,Wallary GmbH,0,0,0,0,1,0.0,2,1
2018,NEULAND Agronomics GmbH,0,0,1,0,0,0.0,4,1
2018,beegut GmbH,0,0,0,0,0,0.0,1,1
2018,Predictive Financing GmbH,0,0,1,0,0,0.0,2,1
2018,Simple Mobility GmbH,0,0,0,0,1,0.0,1,1
2018,Popcore GmbH,1,0,1,1,1,1.0,3,1
2018,Unlock Nature UG (haftungsbeschränkt),0,0,0,0,1,0.0,2,1
2018,intertempi GmbH,1,1,1,1,1,0.0,5,2
2018,Cyberian Mine GmbH,0,1,1,1,1,0.0,12,2
2018,MEEVO Healthcare GmbH,0,1,1,0,0,0.0,16,2
2018,coindex GmbH,1,0,1,1,0,0.0,4,1
2018,Deepcorr GmbH,0,0,0,0,0,0.0,1,1
2018,sensry GmbH,0,0,1,1,0,0.0,5,1
2018,plan4 Software GmbH,1,0,1,1,0,1.0,7,1
2018,BatteryCloud UG (haftungsbeschränkt),1,0,0,1,0,0.0,1,1
2018,Loxonet GmbH,0,1,1,1,0,1.0,27,17
2018,Iconic Drinks GmbH,1,1,1,1,1,1.0,19,2
2018,mHERO GmbH,1,1,0,0,0,1.0,2,2
2018,INSONE GmbH,0,1,0,0,0,0.0,4,2
2018,XO Life GmbH,1,1,1,1,1,0.0,8,4
2018,Xelera Technologies GmbH,0,0,0,1,0,0.0,4,1
2018,Tubedo GmbH,0,1,1,0,0,0.0,6,3
2018,just green GmbH,1,1,0,0,0,1.0,4,2
2018,billyard GmbH,1,0,1,0,0,0.0,4,1
2018,Samdock GmbH,0,0,1,0,1,0.0,14,1
2018,PlastFormance GmbH,1,0,0,1,0,0.0,3,1
2018,Blustoxx GmbH,0,0,1,0,0,0.0,3,1
2018,Vulidity GmbH,0,0,0,1,0,0.0,4,1
2018,Suburban Seafood Nebelschütz GmbH,0,0,0,0,0,0.0,1,1
2018,NX Technologies GmbH,0,0,0,1,0,0.0,1,1
2018,claimsforce GmbH,1,1,1,0,0,1.0,5,2
2018,MetisMotion GmbH,0,0,1,1,1,0.0,4,1
2018,JT Technologies GmbH,0,0,1,0,0,0.0,19,1
2018,Munevo GmbH,1,1,1,1,1,1.0,16,2
2018,open.INC GmbH,0,0,0,0,0,0.0,7,1
2018,Bella & Bona GmbH,1,0,1,1,1,1.0,9,1
2018,Codiert GmbH,0,0,0,0,0,0.0,1,1
2018,Cannify Pharma GmbH,1,0,1,1,0,1.0,9,1
2018,SPREE Interactive GmbH,1,0,0,0,0,0.0,6,1
2018,mediaire GmbH,0,1,1,0,1,0.0,16,2
2018,St. Oberholz GmbH,1,0,1,1,1,0.0,10,1
2018,Zahnarzt-Helden GmbH,1,1,1,0,0,0.0,5,2
2018,Atlas medical Technologies GmbH,1,1,1,1,0,1.0,6,3
2018,HEADFOUND GmbH,0,0,0,1,0,0.0,1,1
2018,Acuago GmbH,0,0,0,0,0,0.0,2,1
2018,Lynden GmbH,1,1,1,1,1,0.0,14,2
2018,Konfid.io Contract Solutions UG (haftungsbeschränkt),0,0,0,0,1,0.0,1,1
2018,BidX GmbH,1,1,1,0,0,0.0,7,3
2018,Papas Shorts GmbH,0,0,0,0,1,0.0,1,1
2018,DroidDrive GmbH,0,0,1,1,0,0.0,3,1
2018,GRID GmbH,1,1,1,1,0,1.0,19,7
2018,ENLYZE GmbH,1,1,1,1,0,1.0,7,2
2018,Castle Tech GmbH,1,0,1,1,1,1.0,10,1
2018,SPARETECH GmbH,1,1,1,1,0,1.0,13,6
2018,DaMedic GmbH,0,0,1,0,0,0.0,5,1
2018,LOTHAR MEDTEC GmbH,0,1,0,1,0,0.0,12,3
2018,JOBODO GmbH,0,0,1,1,0,0.0,5,1
2018,MindPeak GmbH,1,0,1,1,0,1.0,26,1
2018,Spreaducation GmbH,1,1,1,1,1,1.0,13,2
2018,MindLike UG (haftungsbeschränkt),0,1,0,0,0,0.0,2,2
2018,Claneo GmbH,0,0,0,0,1,0.0,1,1
2018,Blue Excellence GmbH,0,1,1,1,1,1.0,26,13
2018,OroraTech GmbH,0,0,1,1,1,0.0,8,1
2018,Partum GmbH,1,1,1,1,1,1.0,10,2
2018,Abstract Factory UG (haftungsbeschränkt),0,0,0,0,1,0.0,1,1
2018,Edutapps GmbH,0,0,1,1,1,0.0,4,1
2018,Kinetos Group Holding GmbH,0,0,1,1,0,0.0,8,1
2018,img.ly GmbH,1,0,0,0,0,1.0,1,1
2018,PERCEPTX GmbH,0,0,0,0,0,0.0,1,1
2018,Material24 GmbH,1,0,1,0,1,0.0,7,1
2018,alpha-organic GmbH,0,0,0,0,0,0.0,1,1
2018,comuny GmbH,1,1,1,0,0,0.0,8,2
2018,Realtime Technologies GmbH,1,1,1,0,1,1.0,15,8
2018,Flow Lab GmbH,1,1,1,0,1,1.0,11,3
2018,BeyondBuild GmbH,1,1,1,1,0,0.0,11,3
2018,Degura GmbH,0,0,1,1,1,0.0,3,1
2018,BreakthroughX Health GmbH,0,0,1,0,1,0.0,5,1
2018,LIVELEX GmbH,1,0,0,0,0,0.0,1,1
2018,Cosuno Ventures GmbH,1,1,1,1,1,1.0,15,4
2018,Gründergeist GmbH,1,0,1,1,0,0.0,5,1
2018,BRAINSTOXX GmbH,0,0,1,1,1,0.0,9,1
2018,lorylist GmbH,0,0,1,0,0,0.0,3,1
2018,UNBIND GmbH,1,1,1,1,0,0.0,6,2
2018,BIOMES NGS GmbH,1,1,1,0,1,1.0,24,4
2018,Dr. SAM Germany GmbH,0,1,1,1,0,0.0,15,2
2018,Cinetica GmbH,1,1,0,0,1,1.0,7,2
2018,Vimato GmbH,1,1,1,0,0,0.0,10,6
2018,Travelsation UG (haftungsbeschränkt),1,1,0,1,0,1.0,4,3
2018,RideBee UG (haftungsbeschränkt),1,1,1,0,1,1.0,5,2
2018,SCALUE GmbH,1,0,0,1,0,0.0,3,1
2018,SMAHO GmbH,0,0,1,0,1,0.0,3,1
2018,Veomo Mobility GmbH,1,0,1,1,1,1.0,4,1
2018,MYBOTSHOP UG (haftungsbeschränkt),0,0,0,1,0,0.0,1,1
2018,MXC Foundation gGmbH,0,0,0,0,1,0.0,2,1
2018,Kwara GmbH,0,0,0,1,1,0.0,1,1
2018,wirfliegendrohne.de GmbH,1,0,0,1,0,0.0,2,1
2018,Jambl GmbH,0,1,0,0,1,1.0,5,2
2018,Pakama Athletics GmbH,1,0,0,0,0,0.0,5,1
2018,aifora GmbH,1,0,1,1,0,0.0,20,1
2018,camperliebe GmbH,1,1,0,0,1,1.0,4,2
2018,LykonDX GmbH,1,1,1,1,1,1.0,15,8
2018,Global Medical Health Network (GMHN) GmbH,0,0,1,0,0,0.0,5,1
2018,Myndseed GmbH,0,1,1,0,1,1.0,23,7
2018,air up group GmbH,1,1,1,1,1,0.0,17,3
2018,Culturizer GmbH,0,0,1,1,1,0.0,5,1
2018,besser zuhause GmbH,1,0,1,1,0,0.0,4,1
2018,Mondas GmbH,0,0,1,1,0,0.0,24,1
2018,SoundReply GmbH,1,1,1,1,0,1.0,11,2
2018,Cabdo GmbH,0,0,0,0,0,0.0,2,1
2018,Hawk AI GmbH,1,1,1,1,1,1.0,21,2
2018,EA95 Berlin UG (haftungsbeschränkt),0,0,0,0,1,0.0,1,1
2018,Pitch Software GmbH,1,0,1,1,1,1.0,8,1
2018,fintechOne mobility GmbH,0,0,1,1,1,1.0,4,1
2018,Immutable Insight GmbH,0,0,0,1,1,0.0,10,1
2018,supernutural GmbH,0,1,0,1,1,1.0,3,3
2018,elo Games GmbH,0,0,1,1,0,1.0,11,1
2018,Food Lounge GmbH,0,0,0,1,0,0.0,1,1
2018,mentalis GmbH,0,0,1,1,0,0.0,4,1
2018,AMIRA Interactive GmbH,0,0,1,0,0,0.0,2,1
2018,Darmstadt Graphics Group GmbH,1,0,1,1,0,1.0,4,1
2018,Finbc GmbH,0,1,1,1,0,0.0,14,2
2018,Leadrive Technology Germany GmbH,0,0,0,1,0,0.0,1,1
2018,BerlinSim GmbH,0,0,0,0,1,0.0,1,1
2018,CanaProd Pharma GmbH,1,0,1,0,0,0.0,8,1
2018,Pink Internet GmbH,1,1,1,0,1,1.0,22,10
2018,NautilusLog GmbH,0,0,1,1,0,0.0,8,1
2018,FLEXVELOP GmbH,1,1,1,1,0,1.0,27,11
2018,OKAPI:Orbits GmbH,0,1,0,1,0,0.0,7,2
2018,Enerfinity GmbH,1,0,0,0,1,0.0,1,1
2018,up2parts GmbH,0,1,1,1,0,0.0,4,3
2018,VCHFY GmbH,0,0,0,1,0,0.0,4,1
2018,Chattyco GmbH,1,1,1,0,1,1.0,16,7
2018,denovoMATRIX GmbH,0,0,1,1,0,0.0,6,1
2018,Sphera Technology GmbH,0,0,1,1,1,0.0,2,1
2018,Sativia GmbH,0,1,0,1,0,0.0,2,2
2018,jbriels GmbH,1,0,0,0,0,0.0,4,1
2018,Men.Care UG (haftungsbeschränkt),1,0,1,0,1,0.0,2,1
2018,oculid GmbH,1,0,1,0,1,0.0,6,1
2018,Borg Collective GmbH,0,0,1,1,1,0.0,4,1
2018,Rehmus GmbH,0,0,0,1,0,0.0,5,1
2018,Schüttflix GmbH,1,0,1,1,0,1.0,12,1
2018,FlowFox GmbH,1,1,1,1,0,0.0,14,5
2018,Kamedi GmbH,1,1,1,0,0,0.0,8,2
2018,estateOS GmbH,1,1,1,1,1,0.0,4,3
2018,Likeminded GmbH,1,0,1,1,1,1.0,9,1
2018,Skimio GmbH,0,0,1,0,1,0.0,4,1
2018,DABBEL - Automation Intelligence GmbH,0,0,1,1,0,0.0,9,1
2018,Spoontainable GmbH,0,0,1,1,0,0.0,7,1
2018,uze! Mobility GmbH,0,0,1,1,0,0.0,8,1
2018,Cyber Transport Control GmbH,0,0,0,1,0,0.0,1,1
2018,ZYP.ONE GmbH,1,1,1,1,1,1.0,10,3
2018,Abihome GmbH,0,0,0,1,0,0.0,4,1
2018,Zwopr GmbH,0,0,0,1,1,0.0,3,1
2018,W+F Engineering GmbH,0,0,1,1,0,0.0,5,1
2018,stenon GmbH,1,1,1,1,1,1.0,12,2
2018,Lintum GmbH,1,1,1,1,0,0.0,12,2
2018,Chefslist GmbH,1,1,0,1,0,0.0,10,3
2018,StayFree GmbH,0,0,0,0,0,0.0,1,1
2018,REXCAR GmbH,0,0,1,0,1,0.0,5,1
2018,mercavus GmbH,1,1,1,1,1,1.0,6,2
2018,Vay Technology GmbH,1,1,1,1,1,1.0,13,3
2018,Lendis GmbH,1,1,1,1,1,1.0,10,3
2018,Gut versorgt in ... GmbH,0,0,0,1,0,0.0,7,1
2018,Oelea Olivenöl GmbH,1,1,0,0,0,0.0,2,2
2018,EDUBAO GmbH,0,0,0,1,1,0.0,5,1
2018,InstaMaterial GmbH,0,0,1,1,0,0.0,2,1
2018,Spyra GmbH,1,1,1,1,1,1.0,10,3
2018,vivenu GmbH,1,1,1,0,0,1.0,10,3
2018,voiio GmbH,0,0,1,1,1,0.0,4,1
2018,bionero GmbH,0,0,0,1,0,0.0,3,1
2018,SafeNow GmbH,0,0,0,1,1,0.0,3,1
2018,anytips GmbH,0,0,1,0,0,0.0,4,1
2018,MONDAY.ROCKS GmbH,1,1,0,0,0,0.0,7,2
2018,dive solutions GmbH,0,1,1,1,1,0.0,14,2
2018,HAT.tec GmbH,0,0,0,0,1,0.0,2,1
2018,Blocksize Capital GmbH,0,1,1,1,0,0.0,9,2
2018,NOYS VR UG (haftungsbeschränkt),0,0,0,0,0,0.0,3,1
2018,getbaff GmbH,0,0,1,1,0,0.0,12,1
2018,GOLFCLIX GmbH,0,0,1,0,0,0.0,6,1
2018,daisygrip GmbH,0,0,0,0,0,0.0,1,1
2018,Hunter & Companion GmbH,0,0,1,0,1,0.0,4,1
2018,CdC Trading Company GmbH,1,0,0,0,1,0.0,2,1
2018,Cliniserve GmbH,1,0,1,1,1,1.0,7,1
2018,remberg GmbH,1,0,1,1,1,0.0,5,1
2018,MetricsCosmetics GmbH,1,0,1,1,1,0.0,6,1
2018,Lano Software GmbH,1,1,1,1,1,1.0,12,7
2018,myResilience GmbH,0,0,0,0,1,1.0,1,1
2018,Windcloud 4.0 GmbH,0,0,1,1,0,0.0,5,1
2018,wertfaktor Immobilien GmbH,0,0,1,1,0,0.0,3,1
2018,Navitect Bio GmbH,0,0,0,1,0,0.0,3,1
2018,Sharpist GmbH,1,1,1,1,1,1.0,17,6
2018,StartMark GmbH,0,1,0,0,0,0.0,8,3
2018,Next Lotto GmbH,0,0,0,1,0,0.0,1,1
2018,Hyconnect GmbH,0,0,1,0,0,0.0,3,1
2018,buynomics GmbH,1,1,1,1,0,1.0,12,2
2018,Legal OS GmbH,1,1,1,1,1,1.0,24,6
2018,VISARIGHT GmbH,0,0,1,0,0,0.0,3,1
2018,Knister GmbH,1,0,1,0,1,0.0,2,1
2018,Sharemac GmbH,0,0,1,1,0,0.0,12,1
2018,The Meditation Company GmbH,0,1,1,0,1,0.0,16,2
2018,Additive Space GmbH,1,0,0,0,1,1.0,1,1
2018,NOW.delivery GmbH,0,0,0,0,0,0.0,1,1
2018,salted GmbH,1,1,1,1,1,1.0,11,5
2018,The Hackathon Company GmbH,0,0,0,0,0,0.0,1,1
2018,d:AI:mond GmbH,0,0,0,0,0,0.0,3,1
2018,VISSEIRO GmbH,1,0,1,1,1,0.0,6,1
2018,Compositas GmbH,0,0,0,0,0,0.0,14,1
2018,Smartricity GmbH,0,0,0,0,0,1.0,3,1
2018,Odilia GmbH,1,0,0,0,0,0.0,4,1
2018,buchhalter.pro GmbH,0,0,1,1,0,0.0,6,1
2018,Target Mobility GmbH,0,1,0,1,1,1.0,6,3
2018,ROY Kombucha GmbH,1,0,0,1,1,0.0,1,1
2018,Foodly GmbH,1,1,0,0,1,0.0,10,2
2018,shape me GmbH,0,1,1,1,1,1.0,14,3
2018,Freiburger Medizintechnik GmbH,0,0,1,1,0,0.0,9,1
2018,QuizHero GmbH,1,0,0,0,1,0.0,1,1
2018,Planery Digital GmbH,0,0,1,0,0,0.0,4,1
2018,philandro Holding GmbH,1,1,1,1,0,1.0,7,2
2018,Humanitec GmbH,0,0,1,1,1,0.0,3,1
2018,AMMEVA GmbH,0,1,1,1,1,0.0,10,3
2018,Canostix GmbH,0,0,1,0,1,0.0,4,1
2018,prepmymeal GmbH,0,1,0,1,0,0.0,4,2
2018,Ambi-Vation GmbH,0,0,0,0,1,0.0,1,1
2018,pay33 direct GmbH,0,0,1,1,1,0.0,4,1
2018,Pielers GmbH,0,0,1,0,0,0.0,6,1
2018,Growify GmbH,0,0,0,1,1,0.0,2,1
2018,Mobius Labs GmbH,1,1,1,1,1,1.0,15,6
2018,SeedForward GmbH,0,0,0,0,0,0.0,1,1
2018,FIDOPOLI Software GmbH,0,0,0,0,1,1.0,1,1
2018,agriBORA GmbH,1,1,1,1,0,1.0,8,4
2018,Bluelife GmbH,0,0,1,1,1,0.0,5,1
2018,Choco Communications GmbH,1,0,1,1,1,0.0,6,1
2018,Edumode Software GmbH,0,0,1,0,1,0.0,5,1
2018,Asvin GmbH,0,0,0,1,0,0.0,1,1
2018,SMAVOO GmbH,0,0,0,0,0,0.0,1,1
2018,Risk Prevent Software GmbH,0,1,0,1,0,0.0,11,2
2018,Dynamic42 GmbH,0,0,1,1,0,0.0,5,1
2018,LateBack UG (haftungsbeschränkt),0,0,0,0,0,0.0,1,1
2018,Digital Logistics GmbH,1,1,1,1,1,1.0,7,3
2018,Synbionik GmbH,1,1,1,0,0,0.0,10,3
2018,retorio GmbH,1,1,1,1,1,1.0,15,4
2018,Horeca Digital System GmbH,0,1,1,1,0,0.0,5,2
2018,Smokeless.world GmbH,1,1,1,0,1,1.0,5,2
2018,Claim Solutions GmbH,1,0,1,0,0,0.0,5,1
2018,Facemurphy UG (haftungsbeschränkt),0,0,0,0,0,0.0,1,1
2018,Alasco GmbH,1,1,1,1,1,1.0,10,6
2018,Rematch Data Technologies GmbH,0,0,0,0,0,0.0,2,1
2018,Gaia Sustainable Concept UG (haftungsbeschränkt),0,0,1,1,0,0.0,4,1
2018,Sanna Lindström GmbH,0,0,0,1,0,0.0,1,1
2018,JAMADE GERMANY GmbH,0,0,0,0,0,0.0,5,1
2018,AUXOLAR GmbH,0,1,0,1,1,0.0,5,2
2018,Solarautonomie GmbH,0,0,0,0,0,0.0,5,1
2018,Neurogold GmbH,0,0,1,0,1,0.0,3,1
2018,VRHQ GmbH,0,0,1,1,0,0.0,2,1
2018,DaThera Consumer Health GmbH,1,0,0,0,1,0.0,8,1
2018,AHEAD Systems GmbH,0,0,1,1,0,0.0,3,1
2019,Sparrow Networks GmbH,0,0,1,1,1,0.0,2,1
2019,Inga GmbH,1,0,1,1,0,1.0,9,1
2019,QUARKWERK GmbH,1,0,0,0,1,0.0,1,1
2019,BlockRocket GmbH,0,0,1,0,0,0.0,5,1
2019,GLUCE GmbH,0,0,0,1,0,0.0,4,1
2019,SiSlify GmbH,0,1,0,0,0,0.0,4,2
2019,waydear GmbH,0,0,1,0,1,1.0,4,1
2019,Peregrine Technologies GmbH,0,0,1,1,1,0.0,11,1
2019,SCIENCIA GmbH,0,0,0,1,0,0.0,2,1
2019,InstaReconstruct GmbH,0,0,1,1,0,0.0,2,1
2019,UVENTIONS GmbH,0,0,1,1,0,0.0,7,1
2019,DialogShift GmbH,0,0,0,0,1,0.0,1,1
2019,Crazy Koalas GmbH,0,0,0,1,1,0.0,1,1
2019,theBASE FOL Group GmbH,1,1,1,1,1,1.0,26,7
2019,iATROS GmbH,1,1,1,1,1,1.0,10,4
2019,Loyalty Prime GmbH,0,0,1,1,1,0.0,14,1
2019,FlowLogiX GmbH,0,0,0,1,0,0.0,4,1
2019,Snoozi GmbH,1,0,0,1,0,1.0,1,1
2019,SCARAB Business Intelligence GmbH,1,0,0,1,0,1.0,3,1
2019,Deutschdata Karamat und Ziesche GmbH,1,1,1,1,1,1.0,11,5
2019,bridges+links GmbH,1,0,1,1,0,1.0,2,1
2019,Xolo GmbH,1,1,1,1,1,1.0,22,12
2019,Escarda Technologies GmbH,0,0,0,0,1,0.0,2,1
2019,aidhere GmbH,1,1,1,1,0,1.0,19,6
2019,alorio GmbH,0,1,0,0,0,0.0,2,2
2019,AI ZWEI GmbH,0,0,0,0,0,0.0,1,1
2019,yamuntu GmbH,0,1,1,0,0,1.0,14,2
2019,hyrd GmbH,1,0,1,0,0,1.0,12,1
2019,Condo Group GmbH,1,1,1,1,0,0.0,15,4
2019,GlassDollar UG (haftungsbeschränkt),1,0,0,1,1,1.0,1,1
2019,Beyto GmbH,0,0,0,1,1,0.0,4,1
2019,insoadvice GmbH,0,0,0,1,0,0.0,6,1
2019,everdrop GmbH,1,1,1,1,1,1.0,17,8
2019,Kosmas Therapeutics GmbH,0,1,0,0,0,0.0,7,2
2019,Power I.D. GmbH,0,1,0,0,0,0.0,3,2
2019,TechMiners GmbH,1,0,0,1,1,1.0,2,1
2019,dhc-digital GmbH,0,0,0,1,0,0.0,1,1
2019,AVERY Fertility GmbH,1,1,0,1,1,1.0,8,4
2019,Gamers Academy GmbH,0,0,1,0,1,0.0,9,1
2019,Oviavo GmbH,1,1,1,1,1,1.0,9,4
2019,retraced GmbH,1,1,1,1,0,0.0,9,2
2019,Echometer GmbH,1,1,1,0,0,1.0,11,4
2019,Careloop GmbH,1,1,1,1,1,1.0,6,2
2019,heydrate UG (haftungsbeschränkt),0,1,1,0,0,0.0,7,3
2019,Pflegenio GmbH,0,0,1,0,0,0.0,4,1
2019,Uplift1 GmbH,1,0,0,0,1,1.0,2,1
2019,&Charge GmbH,0,0,1,0,0,0.0,2,1
2019,Commuter Services GmbH,1,0,1,0,1,1.0,4,1
2019,Feelbelt GmbH,0,1,0,1,1,1.0,6,2
2019,SEA ME GmbH,0,0,0,1,0,0.0,3,1
2019,Marvel Fusion GmbH,0,0,1,1,1,0.0,7,1
2019,Woodstox GmbH,0,0,0,0,1,0.0,5,1
2019,ParkDepot GmbH,1,1,1,1,1,1.0,17,6
2019,Receeve GmbH,0,0,1,1,0,0.0,8,1
2019,Lulo Capital GmbH,0,1,1,0,1,0.0,3,2
2019,Airfarm GmbH,1,1,1,0,1,1.0,14,5
2019,Julep Media GmbH,1,1,1,1,1,1.0,22,3
2019,CONTIRIO GmbH,0,0,0,0,1,0.0,5,1
2019,Bergtuch GmbH,0,0,0,1,0,0.0,2,1
2019,KT Karlsruhe Technologies GmbH,0,0,0,0,0,0.0,1,1
2019,CROOWS GmbH,0,0,0,0,1,0.0,2,1
2019,FutureHunt GmbH,0,0,0,0,0,0.0,3,1
2019,Fastic GmbH,1,1,1,0,1,1.0,26,13
2019,Seashell GmbH,1,0,0,0,0,0.0,2,1
2019,immune GmbH,1,0,1,0,0,1.0,3,1
2019,edyoucated GmbH,1,1,1,1,0,1.0,14,6
2019,RSX Technologies GmbH,0,0,0,1,0,0.0,1,1
2019,paiqo GmbH,0,0,1,1,0,0.0,3,1
2019,CREED Sleep Systems GmbH,1,0,0,0,0,1.0,3,1
2019,OptoGenTech GmbH,0,0,0,0,0,0.0,3,1
2019,TiRo CheckEnergy GmbH,1,1,1,0,1,1.0,15,3
2019,DayPepper GmbH,1,0,1,0,1,1.0,3,1
2019,rubarb GmbH,0,0,0,0,0,0.0,9,1
2019,Empirio UG (haftungsbeschränkt),0,0,0,1,0,0.0,1,1
2019,apheris AI GmbH,1,1,1,1,1,1.0,16,4
2019,Pro View Block 2020 GmbH,0,0,0,1,1,0.0,1,1
2019,Granny Vision GmbH,0,0,1,0,1,0.0,2,1
2019,Sentryc GmbH,1,1,1,1,1,0.0,6,3
2019,DEA Digital Education Academy GmbH,0,0,1,0,1,0.0,4,1
2019,intyme GmbH,0,0,0,0,0,0.0,2,1
2019,AutLay - Automatisches Layout GmbH,0,1,0,1,0,0.0,4,3
2019,CapTec Analytics GmbH,0,0,0,1,1,0.0,13,1
2019,FoodBusiness.Digital GmbH,0,0,0,0,0,0.0,3,1
2019,mute-labs GmbH,1,0,0,0,1,0.0,2,1
2019,TAKT.ing GmbH,0,0,0,0,1,0.0,1,1
2019,future demand GmbH,0,1,1,1,1,0.0,13,3
2019,Küchenheld GmbH,1,1,1,1,0,1.0,9,2
2019,Ebenbuild GmbH,0,0,0,1,1,0.0,4,1
2019,LegalTegrity GmbH,1,0,1,1,0,0.0,10,1
2019,CamperBoys GmbH,0,1,0,1,1,0.0,2,2
2019,Race Scout GmbH,1,0,0,0,1,1.0,1,1
2019,LocatYa GmbH,0,1,0,0,0,0.0,5,2
2019,Pariot Smart Home GmbH,0,0,1,0,0,0.0,4,1
2019,Lumoview Building Analytics GmbH,1,1,1,1,0,0.0,4,2
2019,Brance GmbH,1,0,1,1,1,1.0,3,1
2019,Handwerk Connected GmbH,1,0,1,1,0,0.0,5,1
2019,PTX Healthcare Solutions GmbH,0,0,0,0,0,0.0,3,1
2019,e.SAT GmbH,0,1,0,1,0,0.0,4,2
2019,LENZBOX GmbH,0,0,1,1,0,1.0,4,1
2019,TrueSkin GmbH,1,0,1,1,1,0.0,4,1
2019,Skyland Wealth GmbH,0,0,1,1,1,0.0,6,1
2019,LIFT for future GmbH,1,0,0,1,0,1.0,5,1
2019,SonoDent GmbH,1,0,0,0,1,1.0,2,1
2019,JOBOO! GmbH,0,0,1,1,0,0.0,6,1
2019,Policy-Insider.AI GmbH,0,1,1,0,0,0.0,9,2
2019,Needles&Skin Aesthetic Care GmbH,0,0,0,0,0,0.0,2,1
2019,CI HUB GmbH,1,0,1,1,1,0.0,6,1
2019,fashiontale GmbH,0,0,0,0,0,0.0,5,1
2019,STABL Energy GmbH,1,0,1,1,1,0.0,8,1
2019,TraFinScout GmbH,1,1,1,1,0,0.0,10,2
2019,Fireschutz GmbH,0,0,1,0,0,0.0,5,1
2019,Timber Base GmbH,1,1,0,0,1,1.0,3,2
2019,innus GmbH,0,0,0,1,0,0.0,4,1
2019,Phantasma Labs GmbH,1,0,1,1,1,0.0,7,1
2019,TRAXPAY GmbH,1,0,1,0,0,1.0,5,1
2019,Linkster GmbH,0,0,0,1,0,0.0,1,1
2019,NXT Pharma GmbH,1,1,0,1,1,1.0,3,2
2019,Sizolution GmbH,1,0,1,0,1,0.0,9,1
2019,Hope Applications GmbH,0,0,1,0,0,0.0,2,1
2019,Cognilize GmbH,1,0,1,0,0,0.0,5,1
2019,medocs GmbH Medical Data & Software Services,0,0,1,1,0,0.0,6,1
2019,flair.hr GmbH,1,1,1,1,1,0.0,11,7
2019,Zava Global GmbH,0,0,1,0,0,0.0,9,1
2019,numa group GmbH,1,1,1,1,1,1.0,20,3
2019,everstox GmbH,1,1,1,1,1,1.0,7,2
2019,CUREosity GmbH,0,0,1,1,0,0.0,21,1
2019,ONEZERO X GmbH,0,0,1,0,0,0.0,2,1
2019,foodcircle GmbH,1,1,1,0,1,1.0,9,4
2019,theBlue.ai GmbH,0,1,0,0,0,0.0,2,2
2019,CI Cloud Item GmbH,0,1,0,1,1,0.0,10,2
2019,sewts GmbH,1,1,1,1,1,1.0,12,2
2019,Visotec GmbH,0,0,0,1,0,0.0,4,1
2019,Nui Care GmbH,1,0,0,0,1,0.0,1,1
2019,Arcware GmbH,0,0,1,1,1,0.0,3,1
2019,DESERTFOODS International GmbH,0,0,1,0,0,0.0,7,1
2019,DigitalHealth Technology GmbH,0,0,0,0,0,0.0,1,1
2019,Jodocus GmbH,0,0,1,0,0,0.0,4,1
2019,Beducated GmbH,1,1,1,1,1,1.0,15,6
2019,Hopkins GmbH,1,1,0,1,1,0.0,7,2
2019,skillgainer GmbH,0,0,0,1,0,0.0,4,1
2019,Markov Solutions GmbH,0,0,0,0,1,0.0,1,1
2019,TensorParc GmbH,0,0,0,0,0,0.0,3,1
2019,Mister Cannabis GmbH,0,1,1,1,0,0.0,7,2
2019,UniverCell Holding GmbH,0,0,0,0,0,0.0,4,1
2019,Calyxa GmbH,0,0,1,0,1,0.0,2,1
2019,Layer Software GmbH,1,1,1,1,1,1.0,5,2
2019,TerraTechHolding UG (haftungsbeschränkt),0,0,0,1,0,0.0,1,1
2019,1-2-Better GmbH,0,0,0,1,1,0.0,1,1
2019,Spirits of Gamundia GmbH,0,0,0,0,0,0.0,2,1
2019,Datos-Intelligence GmbH,1,1,1,0,1,1.0,16,2
2019,Phytolinc UG (haftungsbeschränkt),0,1,0,0,0,0.0,2,2
2019,My Good Beauty GmbH,0,1,0,1,0,0.0,3,3
2019,TecIntelli GmbH,0,1,0,0,0,0.0,2,2
2019,eFrexx GmbH,0,0,0,0,0,0.0,1,1
2019,Findigi GmbH,0,0,0,0,0,0.0,1,1
2019,Meet My Mates GmbH,0,0,0,1,0,0.0,2,1
2019,offmade GmbH,1,1,1,1,1,1.0,11,2
2019,eze.network GmbH,1,0,0,1,1,1.0,2,1
2019,AIR GmbH,0,0,1,1,0,1.0,7,1
2019,elexon GmbH,0,0,1,1,0,0.0,5,1
2019,Langlauf Security Automation GmbH,1,0,0,0,0,0.0,1,1
2019,STACK Hydrogen Solutions GmbH,0,0,1,1,0,0.0,4,1
2019,RIDE GmbH,1,1,1,1,1,1.0,12,3
2019,SUSHI Mobility GmbH,0,0,1,1,1,0.0,3,1
2019,MM Platforms GmbH,0,0,1,1,0,0.0,6,1
2019,COBOWORX GmbH,1,1,1,1,0,1.0,15,7
2019,Contexon GmbH,0,0,0,1,1,0.0,5,1
2019,LOEWI GmbH,0,0,1,1,1,0.0,6,1
2019,readable.ai GmbH,0,0,0,0,0,0.0,1,1
2019,Circunomics GmbH,0,1,1,1,0,1.0,9,2
2019,Energy Robotics GmbH,0,1,1,1,0,0.0,7,2
2019,OWN Capital GmbH,0,0,0,1,1,0.0,1,1
2019,Fahrengold GmbH,0,0,0,1,1,0.0,4,1
2019,Yepoda GmbH,1,0,0,1,1,0.0,1,1
2019,XaaSfarm GmbH,0,0,0,0,1,0.0,2,1
2019,SliderStraw UG (haftungsbeschränkt),0,0,0,1,1,0.0,1,1
2019,felmo GmbH,1,1,1,1,1,0.0,11,3
2019,GreatestWines.com GmbH,1,1,1,1,0,1.0,9,2
2019,Better by Less GmbH,0,0,1,0,0,0.0,10,1
2019,CLT Creative Learning Technologies GmbH,0,0,1,0,0,0.0,3,1
2019,EP Food GmbH,0,0,0,1,1,0.0,4,1
2019,SPREAD GmbH,1,1,1,1,1,1.0,15,10
2019,ForestGum GmbH,1,0,0,0,0,0.0,3,1
2019,Einfach zum Angebot GmbH,0,0,0,0,1,0.0,1,1
2019,DEKORIE GmbH,0,0,0,0,0,0.0,2,1
2019,Osterus GmbH,1,1,1,0,1,1.0,12,2
2019,Airless Fashion GmbH,1,1,0,1,1,1.0,3,2
2019,Mintanine GmbH,1,0,0,0,0,0.0,4,1
2019,Nimbus Health GmbH,1,1,0,1,0,1.0,3,2
2019,Aleph Alpha GmbH,0,1,1,1,0,0.0,14,2
2019,Orbem GmbH,1,1,1,1,1,1.0,3,2
2019,Climate Labs GmbH,1,1,1,0,1,1.0,11,4
2019,eevie GmbH,0,0,1,0,0,0.0,8,1
2019,Bosque GmbH,1,0,0,1,1,0.0,2,1
2019,GetSteps GmbH,1,1,0,1,1,1.0,16,4
2019,White Label Advisory GmbH,0,0,1,1,0,0.0,4,1
2019,Better Basics Laborbedarf GmbH,0,0,1,0,0,0.0,6,1
2019,Maniko Nails GmbH,1,1,1,1,1,0.0,8,2
2019,OCELL GmbH,1,1,1,1,1,1.0,7,4
2019,Zavvy GmbH,1,1,1,1,1,1.0,17,10
2019,Deep Safety GmbH,0,0,0,0,1,0.0,3,1
2019,cirplus GmbH,1,0,1,1,0,0.0,10,1
2019,fivefingergames GmbH,0,0,0,0,0,0.0,3,1
2019,Declareme GmbH,1,1,0,1,0,1.0,4,2
2019,Clinomic GmbH,0,0,1,1,0,0.0,7,1
2019,HIGENA Cleansing and Cosmetics GmbH,1,0,1,0,0,0.0,5,1
2019,BlueLotus.AI GmbH,0,0,0,1,0,0.0,4,1
2019,Gentlemen Socks Club GmbH,0,0,0,0,0,0.0,2,1
2019,ConcR GmbH,0,0,0,0,1,0.0,1,1
2019,Deep Platforms GmbH,0,0,0,0,1,0.0,1,1
2019,Alcemy GmbH,1,0,1,1,1,1.0,7,1
2019,stone-H UG (haftungsbeschränkt),0,0,0,0,0,0.0,1,1
2019,corvitac GmbH,0,0,0,1,0,0.0,1,1
2019,Cuore Technology Hamburg GmbH,0,0,0,0,0,0.0,3,1
2019,Aitme GmbH,1,1,1,1,1,1.0,13,3
2019,UNLCKED UG (haftungsbeschränkt),0,0,1,1,0,0.0,3,1
2019,Resilience Digital Solutions GmbH,1,0,1,1,0,0.0,4,1
2019,Avareto GmbH,0,0,0,1,1,0.0,4,1
2019,Evernest GmbH,1,1,1,1,0,1.0,12,3
2019,Emerging Insights GmbH,0,0,0,0,0,0.0,2,1
2019,DeepEyes GmbH,0,0,0,1,1,0.0,5,1
2019,smirror GmbH,0,0,0,0,0,0.0,3,1
2019,ETX Abwicklungsgesellschaft mbH,0,0,0,0,1,0.0,1,1
2019,Nia Health GmbH,1,0,1,1,1,0.0,3,1
2019,Aeditive GmbH,1,1,1,1,0,1.0,20,5
2019,Heritas GmbH,1,1,1,1,1,1.0,6,2
2019,PSS - Pharma Service Systeme GmbH,0,0,1,1,0,0.0,7,1
2019,TRI Thinking Research Instruments GmbH,1,0,1,1,0,0.0,3,1
2019,auteon GmbH,1,1,1,1,1,1.0,5,3
2019,ASENETY UG (haftungsbeschränkt),0,0,0,1,0,0.0,3,1
2019,Ababax Health GmbH,0,0,1,0,1,0.0,3,1
2019,VF Nutrition GmbH,0,0,0,1,1,0.0,1,1
2019,cloudstock GmbH,0,0,0,0,0,0.0,1,1
2019,XT Xia Tea GmbH,0,0,1,0,1,0.0,4,1
2019,Amira Media GmbH,0,0,1,1,0,0.0,8,1
2019,Superfood Factory GmbH,1,1,1,1,1,0.0,7,3
2019,Future4Retail GmbH,0,0,0,0,0,0.0,1,1
2019,Kulero GmbH,0,0,1,0,0,1.0,5,1
2019,DeepUp GmbH,0,1,1,1,0,0.0,7,2
2019,HiPeople GmbH,1,1,1,0,1,0.0,8,2
2019,Donut Technologies GmbH,1,1,1,1,1,1.0,9,3
2019,Unidy GmbH,0,0,1,1,0,0.0,2,1
2019,Influnate GmbH,0,0,1,0,1,0.0,4,1
2019,Custom Surgical GmbH,0,0,1,0,1,0.0,6,1
2019,Norden Vaccines GmbH,0,0,0,1,0,0.0,6,1
2019,Block2Job GmbH,1,1,1,0,0,1.0,7,2
2019,Co-Tasker GmbH,0,0,0,1,1,0.0,3,1
2019,ISVapp GmbH,1,0,0,0,1,0.0,3,1
2019,PAXLY GmbH,1,1,1,1,0,1.0,7,2
2019,Keep Cool Icetrade München GmbH,0,0,0,0,1,0.0,2,1
2019,Urbify Technologies GmbH,0,0,1,1,1,0.0,2,1
2019,Rosenmeister LegalTech GmbH,0,1,0,0,1,0.0,2,2
2019,1Home Solutions GmbH,0,0,1,1,1,0.0,7,1
2019,Uncap GmbH,1,1,1,0,1,1.0,13,3
2019,Lambus GmbH,0,0,0,1,0,0.0,3,1
2019,Animal Lovers Hamburg GmbH,0,1,1,1,0,0.0,3,2
2019,Striazin Sports GmbH,1,0,0,0,0,1.0,2,1
2019,Culevo GmbH,0,0,0,0,1,0.0,2,1
2019,traplinked GmbH,1,1,1,1,0,1.0,8,4
2019,Frequenz Energy-as-a-Service GmbH,1,1,1,1,1,1.0,8,2
2019,Tucan.ai GmbH,0,1,1,1,1,0.0,10,2
2019,QOMUNIFY GmbH,0,0,0,0,0,0.0,1,1
2019,Isarsoft GmbH,0,0,0,0,1,0.0,1,1
2019,Softr Platforms GmbH,1,1,1,1,1,1.0,7,3
2019,FUSE Dating UG (haftungsbeschränkt),0,0,0,0,1,0.0,1,1
2019,GetMomo Financial GmbH,1,0,1,1,1,1.0,3,1
2019,Finoa GmbH,1,0,1,1,1,1.0,9,1
2019,Peers Solutions GmbH,1,1,1,1,1,1.0,14,2
2019,wayvs GmbH,1,1,1,1,1,1.0,17,2
2019,Nimo GmbH,1,0,1,0,1,0.0,9,1
2019,Brainchildren GmbH,0,1,1,1,1,0.0,4,2
2019,Pendect GmbH,1,1,1,1,1,1.0,11,4
2019,FWC - FreewayCamper GmbH,1,1,1,1,1,1.0,13,3
2019,FERNRIDE GmbH,0,0,1,1,1,0.0,8,1
2019,CHARLES GmbH,1,1,1,1,1,1.0,19,7
2019,Studio Bummens GmbH,1,0,1,1,1,0.0,5,1
2019,Culcha GmbH,1,1,1,1,1,1.0,8,2
2019,sync2brain GmbH,0,0,0,0,0,0.0,3,1
2019,Footprint Technologies GmbH,0,1,1,1,1,1.0,15,3
2019,srsfintech UG (haftungsbeschränkt),0,0,0,0,0,0.0,4,1
2019,mitunsleben GmbH,0,0,1,0,1,0.0,20,1
2019,Trisor GmbH,1,0,0,0,1,0.0,2,1
2019,FILICS GmbH,1,0,1,1,1,1.0,11,1
2020,TARGETHUNTING GmbH,0,0,0,1,0,0.0,1,1
2020,iMRail Technology GmbH,0,0,0,0,0,0.0,3,1
2020,RiskMiner GmbH,0,0,0,0,1,0.0,4,1
2020,TLG Health GmbH,0,0,0,1,0,0.0,4,1
2020,German 3D Dental Factory GmbH,0,0,1,0,0,0.0,2,1
2020,Global Esports Entertainment GmbH,0,1,0,1,1,0.0,8,2
2020,urlscan GmbH,0,0,0,0,0,0.0,1,1
2020,one.five GmbH,0,0,1,1,0,0.0,3,1
2020,Bluu GmbH,1,0,0,1,1,1.0,1,1
2020,GauVendi GmbH,0,0,1,1,0,0.0,9,1
2020,PetLEO GmbH,1,1,1,1,1,1.0,9,3
2020,SQIN Technologies GmbH,1,0,0,0,0,0.0,2,1
2020,Upsters Energy GmbH,0,0,0,1,0,0.0,1,1
2020,LawUp UG (haftungsbeschränkt),0,0,0,1,1,0.0,2,1
2020,Weloka Service GmbH,0,0,1,0,0,0.0,4,1
2020,nFRONTIER GmbH,0,0,0,1,1,0.0,5,1
2020,TL Digital Solutions GmbH,1,1,1,1,1,1.0,13,4
2020,PROSION GmbH,1,0,1,1,0,0.0,4,1
2020,Mooneh GmbH,0,0,1,1,1,0.0,5,1
2020,Upblock UG (haftungsbeschränkt),0,0,0,0,0,0.0,1,1
2020,QUIN Technologies GmbH,0,1,1,1,1,1.0,11,4
2020,Gaiali GmbH,1,0,1,1,1,1.0,5,1
2020,Vanilla Steel GmbH,0,0,1,1,1,0.0,10,1
2020,HTC Heritage Type GmbH,1,1,1,1,1,1.0,8,2
2020,Bonnie & Spike GmbH,1,1,1,0,0,1.0,8,4
2020,FarmInsect GmbH,1,1,1,1,1,1.0,12,4
2020,embrace Technologies GmbH,0,0,1,1,1,0.0,9,1
2020,ISU-TEC GmbH,1,0,0,0,0,1.0,1,1
2020,Theion GmbH,1,0,1,1,1,1.0,4,1
2020,caralegal GmbH,0,0,1,1,1,0.0,2,1
2020,Organic Food Studio UG (haftungsbeschränkt),0,0,0,0,1,0.0,1,1
2020,ROB'E GmbH,0,0,0,1,0,0.0,3,1
2020,Cirlo GmbH,0,1,1,0,1,0.0,5,2
2020,Digital Seals GmbH,1,0,0,1,1,0.0,2,1
2020,mix&match GmbH,1,1,1,1,1,1.0,8,4
2020,Burning Technologies UG (haftungsbeschränkt),0,0,0,0,0,0.0,1,1
2020,Commercial Excellence GmbH,0,0,0,1,1,0.0,3,1
2020,Specter Smith UG (haftungsbeschränkt),0,0,0,0,1,0.0,1,1
2020,oohlemon GmbH,0,0,0,1,0,0.0,1,1
2020,Vaccinvent GmbH,0,0,0,1,0,0.0,3,1
2020,Total Fansports GmbH,0,0,0,1,0,0.0,1,1
2020,paretos GmbH,1,1,1,1,0,0.0,7,2
2020,Elara Digital GmbH,0,0,0,0,1,0.0,1,1
2020,LUVIS AI GmbH,0,0,1,1,0,0.0,3,1
2020,voize GmbH,0,0,0,1,1,0.0,1,1
2020,Adap GmbH,0,1,0,1,0,0.0,2,2
2020,Companyon Analytics GmbH,1,0,1,1,0,1.0,5,1
2020,deepc GmbH,1,0,1,1,1,0.0,5,1
2020,comfort lifestyle GmbH,1,0,0,1,1,1.0,1,1
2020,byways GmbH,1,1,1,1,1,1.0,9,3
2020,Performance Recruiting GmbH,1,0,0,1,0,0.0,1,1
2020,Trionigy GmbH,1,0,0,1,0,0.0,1,1
2020,infinnity financial technologies GmbH,1,1,1,1,1,1.0,15,5
2020,Newbility GmbH,0,0,0,0,0,0.0,2,1
2020,CampusGenius GmbH,0,1,1,1,0,0.0,5,2
2020,SILVERTON Tech GmbH,0,0,0,1,0,0.0,2,1
2020,KImedi GmbH,0,0,0,0,0,0.0,6,1
2020,WETOG GmbH,1,1,0,0,0,0.0,6,2
2020,safeB Germany GmbH,0,0,0,0,0,0.0,3,1
2020,DuDeChem GmbH,1,1,1,1,1,1.0,15,4
2020,Voycer Digital GmbH,1,0,1,1,1,0.0,8,1
2020,COLOR JACK GmbH,0,0,1,1,1,0.0,2,1
2020,mbiomics GmbH,0,0,1,1,1,0.0,3,1
2020,Medical Apps GmbH,0,0,1,0,0,0.0,3,1
2020,ActiTrexx GmbH,1,1,1,0,0,1.0,8,2
2020,REK Innovation GmbH,0,0,0,1,1,0.0,2,1
2020,MKAST UG (haftungsbeschränkt),0,0,0,0,0,0.0,1,1
2020,compa Construction Solutions GmbH,1,1,1,1,1,1.0,17,4
2020,Gordon Health Academy GmbH,1,0,1,1,0,1.0,3,1
2020,Soulside GmbH,0,0,0,0,1,0.0,1,1
2020,Vitomy UG (haftungsbeschränkt),0,0,0,0,1,0.0,2,1
2020,10er Karte GmbH,0,0,0,0,0,0.0,4,1
2020,Catena GmbH,1,0,1,0,1,0.0,11,1
2020,Revincus GmbH,0,0,1,1,0,0.0,4,1
2020,Sleep Tech GmbH,0,1,1,1,0,0.0,3,2
2020,Legislayer GmbH,0,1,0,0,1,0.0,2,2
2020,1648 Factory GmbH,0,0,1,1,0,1.0,7,1
2020,onetask.ai GmbH,0,0,0,1,1,0.0,2,1
2020,aHead Solutions GmbH,1,0,1,1,1,1.0,3,1
2020,Eracron GmbH,0,0,0,0,1,0.0,3,1
2020,embedded ocean GmbH,1,0,1,0,1,0.0,5,1
2020,The Plant Box GmbH,1,1,1,1,1,0.0,7,2
2020,CooperHire GmbH,0,0,0,0,1,0.0,1,1
2020,Deep Health GmbH,0,0,0,0,1,0.0,1,1
2020,U-PAX GmbH,0,0,0,1,1,0.0,1,1
2020,ALMA PHIL GmbH,0,0,0,1,1,0.0,1,1
2020,Wunderproducts GmbH,1,0,1,0,1,1.0,4,1
2020,handly GmbH,1,1,0,1,1,0.0,4,3
2020,New.MOOVE GmbH,0,0,1,0,0,0.0,2,1
2020,EUMEPRO GmbH,0,0,1,0,0,0.0,3,1
2020,KUNO GmbH,1,0,1,1,1,0.0,4,1
2020,ensun GmbH,0,0,1,1,0,0.0,2,1
2020,minum GmbH,0,0,1,1,1,0.0,3,1
2020,cmmrcl.ly GmbH,0,1,1,1,0,1.0,7,2
2020,CONNECT Mobility GmbH,0,0,0,1,0,0.0,2,1
2020,pandapass GmbH,1,0,0,0,1,0.0,10,1
2020,Twinwin GmbH,1,1,1,1,1,1.0,10,4
2020,TUTAKA GmbH,0,0,1,1,0,0.0,4,1
2020,Cephoria GmbH,0,0,0,0,0,0.0,2,1
2020,mipart GmbH,0,1,0,0,0,0.0,2,2
2020,TCC GmbH,0,0,0,1,0,0.0,2,1
2020,Monite GmbH,0,0,0,1,1,1.0,1,1
2020,35up GmbH,0,0,1,1,1,0.0,5,1
2020,Law & Audrey Legal Tech UG (haftungsbeschränkt),0,0,0,1,0,0.0,1,1
2020,comdeo GmbH,0,0,0,1,0,0.0,3,1
2020,RR Technologies GmbH,1,1,1,1,1,1.0,23,8
2020,Digital Reset UG (haftungsbeschränkt),0,0,0,0,0,0.0,2,1
2020,Fobe.me GmbH,0,0,1,1,1,0.0,3,1
2020,EntoSus GmbH,0,1,0,1,0,0.0,4,2
2020,CareLove GmbH,0,0,0,0,0,0.0,1,1
2020,Verbally GmbH,1,1,1,0,1,1.0,12,8
2020,BetterTogether Ventures GmbH,1,1,1,1,1,1.0,13,6
2020,TIF - The Impact Farm GmbH,0,0,0,0,1,0.0,3,1
2020,Quantum Technologies UG (haftungsbeschränkt),0,0,0,1,0,0.0,3,1
2020,Pick & Pack 24 GmbH,0,1,1,0,0,0.0,4,2
2020,Weflow GmbH,1,0,1,1,1,1.0,5,1
2020,eTree mobility GmbH,0,1,1,1,0,0.0,5,2
2020,HOLY Drinks GmbH,0,1,0,0,0,0.0,5,2
2020,CapCo Bio GmbH,0,0,1,1,0,0.0,5,1
2020,MITOS GmbH,1,0,1,1,0,1.0,6,1
2020,Digital Blast GmbH,1,1,1,0,0,1.0,9,3
2020,Todix GmbH,1,0,1,1,0,0.0,2,1
2020,SELCAL GmbH,0,0,0,1,0,0.0,1,1
2020,Starpost 030 GmbH,0,0,0,0,1,0.0,1,1
2020,Xplainme GmbH,0,0,0,0,0,0.0,2,1
2020,Rocket Fitness GmbH,0,0,0,0,0,0.0,2,1
2020,hier foods GmbH,1,0,1,1,1,1.0,3,1
2020,TCC The Care Company GmbH,1,0,0,0,0,0.0,3,1
2020,Halbestunde GmbH,0,1,1,1,0,0.0,8,2
2020,Mazu Group GmbH,1,1,0,0,1,1.0,3,2
2020,Rhenlic GmbH,0,1,0,0,1,0.0,4,3
2020,SYNCED GmbH,0,1,1,1,0,0.0,3,2
2020,blonder GmbH,0,0,0,1,1,0.0,3,1
2020,Regiobuy UG (haftungsbeschränkt),0,0,0,1,0,0.0,3,1
2020,Vorsorge One GmbH,0,0,0,0,0,0.0,3,1
2020,tokenstreet GmbH,0,0,1,1,1,0.0,4,1
2020,Startup Insider GmbH,1,1,1,1,1,1.0,21,6
2020,Priceloop GmbH,1,1,1,0,1,1.0,11,3
2020,bel.guard GmbH,0,0,0,0,1,0.0,1,1
2020,Farmerscent GmbH,0,0,0,0,0,0.0,1,1
2020,CROWDBUILDING Technology GmbH,0,0,0,0,1,0.0,2,1
2020,Swaarm Tech GmbH,1,1,0,1,1,1.0,5,4
2020,exfinity GmbH,0,0,0,0,1,0.0,1,1
2020,Perfguide GmbH,0,1,0,0,0,0.0,2,2
2020,Elgio UG (haftungsbeschränkt),0,0,0,0,0,0.0,2,1
2020,AVENYR GmbH,0,0,0,1,1,0.0,4,1
2020,Neo Commerce GmbH,1,1,1,1,1,1.0,9,4
2020,Healthtech Ventures GmbH,1,1,1,1,0,1.0,5,3
2020,Trufflepig IT-Forensics GmbH,0,0,0,1,1,0.0,2,1
2020,Apply Z GmbH,0,0,0,1,0,1.0,1,1
2020,fyrfeed GmbH,0,0,0,1,1,1.0,1,1
2020,BODYCLOCK Technologies GmbH,0,0,1,0,1,0.0,4,1
2020,Unifai GmbH,1,0,1,0,1,0.0,3,1
2020,Sysmagine GmbH,0,0,0,0,0,0.0,2,1
2020,Enari GmbH,0,0,0,0,1,0.0,4,1
2020,Every. GmbH,0,0,1,1,1,0.0,2,1
2020,codevance software development GmbH,0,1,1,0,0,0.0,3,2
2020,VIMETRA GmbH,0,0,0,0,0,0.0,2,1
2020,reachtag GmbH,0,0,0,0,1,0.0,4,1
2020,Carealytix GmbH,0,0,0,1,0,0.0,2,1
2020,Solarize Energy Solutions GmbH,1,0,1,1,0,1.0,13,1
2020,Stoff2 GmbH,0,0,0,1,1,0.0,4,1
2020,BeYourHero GmbH,0,0,0,0,0,0.0,1,1
2020,mim technologies GmbH,0,1,1,1,1,0.0,9,3
2020,Good Candy GmbH,0,0,1,0,1,0.0,5,1
2020,Chargeback24 GmbH,0,0,0,0,0,0.0,2,1
2020,B.Lance UG (haftungsbeschränkt),0,0,0,1,1,0.0,1,1
2020,Instawerk GmbH,0,0,1,1,0,0.0,2,1
2020,Lhotse Technologies GmbH,1,1,1,0,1,1.0,21,9
2020,Vertrical GmbH,0,0,0,1,1,0.0,3,1
2020,Infra Equity GmbH,0,0,0,1,1,1.0,8,1
2020,Creatext GmbH,0,0,0,0,1,0.0,1,1
2020,Airive GmbH,0,1,1,1,0,0.0,5,2
2020,Yaliyomo GmbH,1,0,1,1,0,0.0,4,1
2020,nirgend GmbH,0,0,0,1,0,0.0,3,1
2020,safetee technologies GmbH,0,0,1,1,0,0.0,3,1
2020,Avi Medical GmbH,1,1,1,1,1,1.0,27,9
2020,Saiga GmbH,1,1,1,0,1,1.0,15,4
2020,Oxi Event GmbH,0,0,1,0,1,0.0,6,1
2020,etalytics GmbH,0,0,0,1,0,0.0,2,1
2020,kyp.ai GmbH,1,1,1,1,0,0.0,11,4
2020,SURFTOWN Hallbergmoos GmbH,0,1,1,1,1,0.0,7,4
2020,Hive Technologies GmbH,1,1,1,1,1,1.0,27,5
2020,Vamos.ai GmbH,0,0,1,1,0,0.0,2,1
2020,Agvolution GmbH,0,0,1,1,0,0.0,6,1
2020,MeinLieblingsposter GmbH,0,0,0,1,0,0.0,7,1
2020,Curavas GmbH,0,1,1,1,1,0.0,5,2
2020,Delightful Finance GmbH,1,1,1,0,1,1.0,9,3
2020,PHARALL GmbH,0,0,0,0,1,0.0,3,1
2020,ONOMOTION Niedersachsen GmbH,0,0,1,0,0,0.0,2,1
2020,FarmTiger GmbH,1,1,1,1,0,1.0,11,5
2020,Ecaria GmbH,1,1,1,1,1,0.0,3,2
2020,Avaa Verjus UG (haftungsbeschränkt),0,0,0,1,1,0.0,1,1
2020,TINY Technologies GmbH,1,1,0,1,0,0.0,10,4
2020,VetVise GmbH,1,1,0,0,0,0.0,5,2
2020,HyPro-Innovations GmbH,0,0,1,0,0,0.0,2,1
2020,PFABO GmbH,1,0,0,1,1,0.0,1,1
2020,WorkMotion Software GmbH,1,1,1,1,1,1.0,35,9
2020,Forget X GmbH,1,1,0,1,1,1.0,5,3
2020,DeepSpin GmbH,1,1,1,0,1,1.0,12,3
2020,New Path Solutions GmbH,0,0,1,0,1,0.0,10,1
2020,ABC Docs UG (haftungsbeschränkt),0,0,0,0,1,0.0,1,1
2020,CP Pharma Innovation UG (haftungsbeschränkt),0,0,0,0,1,0.0,1,1
2020,Abcalis GmbH,0,0,0,1,0,0.0,4,1
2020,Alle Leben GmbH,0,1,0,1,0,0.0,4,2
2020,justairtech GmbH,1,0,0,1,1,0.0,2,1
2020,Tomorrows Education GmbH,1,1,1,1,1,1.0,12,6
2020,Talento Today Football GmbH,1,1,0,0,0,0.0,2,2
2020,HappyGlam GmbH,1,0,0,1,1,0.0,2,1
2020,VesselSens GmbH,0,1,0,1,0,0.0,3,2
2020,Airsiders GmbH,0,0,0,0,1,0.0,2,1
2020,Divizend GmbH,0,0,0,0,1,0.0,2,1
2020,Monet Financial Technologies GmbH,1,0,0,0,0,1.0,3,1
2020,Refurbio GmbH,1,0,1,1,1,0.0,2,1
2020,Aurora Gesundheit GmbH,1,1,0,1,1,1.0,3,2
2020,Carbon Farmed Solutions GmbH,1,0,1,1,1,1.0,5,1
2020,Dermagreen GmbH,0,0,1,1,0,0.0,2,1
2020,ImMa Solutions GmbH,1,1,1,1,1,0.0,7,3
2020,CdC3 GmbH,1,1,1,1,1,0.0,10,4
2020,truemorrow GmbH,0,1,1,1,1,0.0,5,2
2020,Banxware GmbH,1,0,1,1,1,1.0,10,1
2020,Athleez UG (haftungsbeschränkt),1,0,0,1,0,1.0,1,1
2020,Flip GmbH,1,0,0,1,0,0.0,1,1
2020,Trana GmbH,1,0,1,0,1,0.0,5,1
2020,CasuisTec GmbH,0,0,0,1,0,0.0,2,1
2020,NATIX GmbH,0,0,1,1,0,0.0,7,1
2020,kopplr GmbH,0,1,1,0,1,0.0,10,3
2020,FARMCYCLE GmbH,0,1,0,1,0,0.0,3,2
2020,Meshmerize GmbH,0,0,1,1,0,0.0,5,1
2020,VATION GmbH,1,1,1,1,0,1.0,17,11
2020,Secompanion GmbH,1,1,0,1,1,0.0,5,3
2020,Curexsys GmbH,0,0,1,1,0,0.0,2,1
2020,Lylu GmbH,1,1,1,1,0,0.0,8,4
2020,Avatar Engines GmbH,0,0,0,0,0,0.0,1,1
2020,GUCO GmbH,0,0,0,0,0,0.0,2,1
2020,dido GmbH,0,0,0,0,1,0.0,1,1
2020,Steamatic GmbH,0,0,0,1,0,0.0,3,1
2020,Fair Login UG (haftungsbeschränkt),0,0,0,0,0,0.0,1,1
2020,Carealytix Digital Health GmbH,0,0,1,1,0,0.0,2,1
2020,AngelDesk GmbH,1,0,0,1,0,1.0,1,1
2020,KELO Robotics GmbH,0,1,0,0,1,0.0,6,3
2020,SMR SocialMediaRekruter GmbH,0,0,0,0,0,0.0,2,1
2020,Dgree Education Technologies GmbH,1,0,0,1,0,0.0,2,1
2020,Breaklounge GmbH,0,0,1,0,0,0.0,3,1
2020,DECHEA GmbH,0,0,0,1,0,0.0,3,1
2020,SOIL Skincare GmbH,0,0,0,0,1,0.0,4,1
2020,Loopline Systems GmbH,1,0,0,0,1,1.0,1,1
2020,THNG GmbH,0,1,1,0,0,0.0,4,2
2020,EqualTo GmbH,1,1,1,1,0,1.0,22,12
2020,Perla Health GmbH,1,0,0,0,1,1.0,1,1
2020,digiblue GmbH,0,0,1,1,0,0.0,4,1
2020,Lohnmühle GmbH,0,0,0,1,0,1.0,1,1
2020,pockid GmbH,0,0,0,0,0,0.0,3,1
2020,Lunara Life GmbH,0,0,0,0,0,0.0,1,1
2020,Apricot Health GmbH,1,1,1,1,1,1.0,9,4
2020,LEAD - Digitalisierung GmbH,1,0,0,0,0,1.0,1,1
2020,Green Home Living GmbH,1,1,1,0,1,1.0,17,4
2020,Smart Flow Irritech Solutions GmbH,0,0,1,1,1,0.0,6,1
2020,hitcap esports GmbH,1,1,1,1,0,1.0,6,2
2020,Sunvigo GmbH,1,1,1,1,0,1.0,9,4
2020,ECO₂NOMY GmbH,1,0,0,0,0,0.0,2,1
2020,Vetain GmbH,0,0,0,0,1,0.0,2,1
2020,Cleanhub GmbH,1,1,1,1,1,1.0,11,3
2020,3D Ninjas GmbH,1,0,0,1,0,0.0,3,1
2020,Promateur UG (haftungsbeschränkt),0,0,0,0,0,0.0,4,1
2020,350PPM Biotech GmbH,0,0,1,1,0,0.0,3,1
2020,Superlist Software GmbH,1,1,1,1,1,1.0,25,3
2020,Modiblast Pharma GmbH,1,0,0,0,1,1.0,15,1
2020,Webmotion.cloud GmbH,0,1,0,0,0,0.0,5,2
2020,4.screen GmbH,0,0,1,1,1,0.0,6,1
2020,Intelligent LTS GmbH,0,0,0,0,0,0.0,1,1
2020,EntoSys GmbH,0,0,1,0,0,0.0,2,1
2020,Tacto Technology GmbH,1,1,1,1,1,1.0,7,3
2020,URGROW GmbH,1,1,1,0,0,0.0,4,2
2020,Collato GmbH,1,1,1,0,1,1.0,5,2
2020,Corat Therapeutics GmbH,0,0,1,0,0,0.0,13,1
2020,Guardian Technologies GmbH,0,0,0,1,0,0.0,4,1
2020,mk2 Biotechnologies GmbH,1,1,1,1,1,1.0,5,4
2020,Neotes GmbH,0,1,1,1,1,0.0,6,2
2020,Syncreality GmbH,0,1,1,1,1,0.0,7,2
2020,Wonder Technologies GmbH,0,1,0,1,1,0.0,10,3
2020,BLOXS GmbH,0,0,0,0,1,0.0,1,1
2020,fible GmbH,0,0,0,0,0,0.0,3,1
2020,Heyflow GmbH,1,1,1,1,0,1.0,8,4
2020,GP 9000 GmbH,1,0,0,1,1,1.0,1,1
2020,Liquiditeam GmbH,0,0,1,1,0,1.0,5,1
2020,Sastrify GmbH,1,1,1,1,0,1.0,17,7
2020,Gebrüder Schlürf GmbH,0,0,0,0,0,0.0,3,1
2020,Adrop GmbH,0,0,0,0,1,0.0,2,1
2020,BCTSL & Services GmbH,0,0,0,1,0,0.0,1,1
2020,DiGA Factory GmbH,0,0,1,0,1,0.0,6,1
2020,ImmunometriX UG (haftungsbeschränkt),0,0,0,1,1,0.0,1,1
2020,Pretoria Research Lab GmbH,0,0,0,0,1,0.0,1,1
2020,eleQtron GmbH,0,0,1,1,0,0.0,3,1
2020,Studicon GmbH,0,0,0,1,0,0.0,1,1
2020,Blaue Helden GmbH,0,0,1,1,0,0.0,3,1
2020,Payforce GmbH,1,1,0,0,1,0.0,8,5
2020,Alaiko GmbH,1,0,0,1,1,1.0,1,1
2020,Say Thank You GmbH,0,1,0,1,1,0.0,4,2
2020,pitch !t UG (haftungsbeschränkt),1,0,0,0,0,0.0,2,1
2020,path2.ai GmbH,0,0,0,0,0,0.0,1,1
2021,Bimyo GmbH,0,0,0,1,0,0.0,2,1
2021,Blue teleclinic UG (haftungsbeschränkt),0,0,1,1,0,0.0,2,1
2021,Founders1 GmbH,0,0,0,1,1,0.0,1,1
2021,Perfect-iD GmbH,1,0,0,1,0,0.0,3,1
2021,stafftastic GmbH,0,0,0,0,0,0.0,2,1
2021,IIoT Use Case GmbH,0,0,0,0,1,0.0,2,1
2021,BIOBALANCE GmbH,1,0,0,0,0,0.0,2,1
2021,Initium GmbH,1,0,0,0,0,0.0,1,1
2021,Zeedz GmbH,0,0,0,0,1,0.0,2,1
2021,flowdrive GmbH,0,0,0,0,0,0.0,2,1
2021,m4 wireless GmbH,0,0,0,0,1,0.0,1,1
2021,Intelligent Energy Transformation GmbH,0,0,0,0,0,1.0,1,1
2021,Mimetik UG (haftungsbeschränkt),0,0,0,1,0,0.0,1,1
2021,Meaningful Travel GmbH,0,0,1,0,0,0.0,7,1
2021,LEX AI GmbH,0,1,1,1,0,0.0,4,2
2021,Lesido GmbH,1,0,1,1,1,1.0,9,1
2021,Social Moms GmbH,0,0,0,1,1,0.0,3,1
2021,Neural Search Labs GmbH,0,0,0,0,0,0.0,1,1
2021,ostermeier H2ydrogen Solutions GmbH,0,1,1,1,1,1.0,38,14
2021,CUDA GmbH,1,0,0,1,1,0.0,1,1
2021,Moojo GmbH,0,0,0,1,1,0.0,1,1
2021,HOMB GmbH,0,0,1,0,0,0.0,9,1
2021,Mixups! GmbH,0,0,0,0,1,0.0,1,1
2021,Printoptix GmbH,0,0,0,0,0,0.0,2,1
2021,CLUBA GmbH,0,0,0,0,0,0.0,1,1
2021,ONTHEGO GmbH,0,0,1,0,0,0.0,3,1
2021,FJU GmbH,1,0,1,0,0,0.0,3,1
2021,DeFining Capital GmbH,0,0,0,0,0,0.0,3,1
2021,BIOVOX GmbH,1,1,0,1,0,0.0,4,3
2021,doinstruct Media GmbH,0,0,0,0,0,0.0,1,1
2021,Sentalytics UG (haftungsbeschränkt),0,0,0,0,1,0.0,1,1
2021,Univents GmbH,0,0,0,0,0,0.0,2,1
2021,Fabit GmbH,0,0,1,0,1,0.0,9,1
2021,doinstruct Software GmbH,0,0,0,1,0,0.0,3,1
2021,runamics GmbH,0,0,0,1,0,0.0,2,1
2021,Scoby UG (haftungsbeschränkt),0,0,0,1,0,1.0,4,1
2021,Circleback GmbH,0,0,0,0,1,0.0,1,1
2021,The Impact Company GmbH,0,0,0,1,1,0.0,2,1
2021,DEOXY GmbH,0,0,0,0,1,0.0,2,1
2021,una.cycle UG (haftungsbeschränkt),0,0,0,0,0,0.0,1,1
2021,Amazing Brands Group GmbH,1,1,1,1,0,1.0,38,9
2021,codelane GmbH,0,0,0,0,0,0.0,3,1
2021,VAYS GmbH,0,0,1,1,0,0.0,5,1
2021,TIOLI GmbH,0,0,0,1,0,0.0,2,1
2021,cleverly edu GmbH,1,1,1,1,1,1.0,15,7
2021,x-cardiac GmbH,1,1,1,1,1,0.0,10,2
2021,DNA GmbH,0,0,0,0,0,0.0,1,1
2021,VESTUR UG (haftungsbeschränkt),0,0,0,0,0,0.0,2,1
2021,SpeedVille Digital GmbH,0,0,0,0,0,0.0,1,1
2021,Tapline UG (haftungsbeschränkt),0,0,0,1,1,1.0,2,1
2021,Stage.cloud GmbH,0,1,0,1,0,0.0,3,3
2021,SmartOrthoSolutions GmbH,0,0,1,1,0,0.0,3,1
2021,SmartDecon GmbH,0,1,0,1,0,0.0,2,2
2021,OUR GREENERY GmbH,0,0,1,1,1,0.0,4,1
2021,POOL Music GmbH,0,0,0,0,1,0.0,2,1
2021,Angelize Program GmbH,1,0,0,1,1,1.0,2,1
2021,SaxonQ GmbH,0,0,0,1,0,0.0,1,1
2021,Vourus GmbH,0,1,0,1,0,0.0,2,2
2021,FrontNow GmbH,0,1,0,1,1,0.0,4,3
2021,sento GmbH,1,0,1,1,1,1.0,6,1
2021,CrossBeau Brewing UG (haftungsbeschränkt),0,0,0,0,0,0.0,1,1
2021,Nanahoa GmbH,1,0,0,0,1,0.0,1,1
2021,B66 Therapeutics GmbH,0,0,1,0,0,0.0,6,1
2021,WTFood GmbH,0,0,1,1,1,0.0,4,1
2021,Pastalab UG (haftungsbeschränkt),0,0,0,1,0,0.0,2,1
2021,CoIQ GmbH,0,1,1,1,0,1.0,5,2
2021,Tilo Tech GmbH,1,1,1,1,1,1.0,4,2
2021,DnA Industry Solutions GmbH,0,0,0,0,0,0.0,1,1
2021,Mimotype Technologies GmbH,1,1,1,0,1,1.0,13,2
2021,eGora GmbH,0,0,0,1,1,0.0,2,1
2021,Innmaker GmbH,0,0,0,1,1,0.0,1,1
2021,homeDX GmbH,0,0,1,0,1,0.0,3,1
2021,Hoodie Hoo Technologies GmbH,0,0,0,1,0,0.0,2,1
2021,Omiqa Bioinformatics GmbH,0,0,0,1,1,0.0,2,1
2021,wyz GmbH,1,0,0,1,0,1.0,3,1
2021,Anthrobotics GmbH,0,0,0,0,1,0.0,3,1
2021,Hinterland GmbH,0,0,1,1,0,0.0,4,1
2021,Modulhaus One Germany GmbH,1,0,0,1,0,0.0,1,1
2021,The Dude Food Company GmbH,0,0,1,1,0,0.0,9,1
2021,Capsify GmbH,0,0,0,0,1,0.0,1,1
2021,Beneto Foods GmbH,0,0,0,0,0,0.0,1,1
2021,WD Visuals GmbH,0,0,1,1,0,0.0,3,1
2021,3D Fibertech GmbH,0,0,0,1,0,0.0,1,1
2021,e.Volution GmbH,0,0,0,1,0,0.0,1,1
2021,umaversum reproductive health GmbH,1,1,1,0,0,0.0,4,2
2021,aiConomix GmbH,1,0,1,1,0,1.0,6,1
2021,Freemotion Systems GmbH,0,1,0,1,0,0.0,5,2
2021,real-cis GmbH,0,0,1,1,0,0.0,2,1
2021,TRADANTS GmbH,0,0,1,1,0,1.0,3,1
2021,Menta Health GmbH,1,1,1,0,1,1.0,9,6
2021,Edurino GmbH,1,1,1,1,1,1.0,7,3
2021,Fygen Operations GmbH,0,0,0,0,0,0.0,3,1
2021,Leek & Ribs Games UG (haftungsbeschränkt),0,0,0,0,0,0.0,3,1
2021,CONROO GmbH,0,0,0,0,0,0.0,2,1
2021,Electrified Classics GmbH,0,0,0,1,0,0.0,4,1
2021,Crimson GmbH,1,1,1,1,1,1.0,24,9
2021,AnyMove GmbH,1,1,1,1,1,1.0,4,2
2021,Clay Health GmbH,0,0,0,1,1,1.0,4,1
2021,VIL GmbH,0,0,1,1,0,0.0,6,1
2021,Proton Camera Innovations GmbH,0,0,0,1,0,0.0,3,1
2021,Twenty8 GmbH,1,0,1,0,0,0.0,2,1
2021,Aware Health GmbH,1,1,1,1,1,1.0,12,8
2021,biddz GmbH,1,1,1,1,1,1.0,12,3
2021,DBG Digitale betriebliche Gesundheitsvorsorge GmbH,0,1,0,0,1,0.0,7,2
2021,Iteration One GmbH,0,0,0,0,0,0.0,2,1
2021,includo GmbH,0,0,0,1,0,0.0,3,1
2021,Floy GmbH,1,1,1,1,1,1.0,7,4
2021,Konfetti GmbH,0,0,0,1,1,0.0,1,1
2021,OpenVendor UG (haftungsbeschränkt),0,0,0,1,0,0.0,2,1
2021,Farmer.Digital GmbH,0,0,0,0,0,0.0,2,1
2021,Quadruped Robotics UG (haftungsbeschränkt),0,0,0,0,0,0.0,2,1
2021,myterial GmbH,0,0,0,0,1,0.0,2,1
2021,LOCATA Analytics GmbH,1,1,0,1,0,0.0,2,2
2021,JMC Footwear GmbH,0,0,0,0,1,0.0,3,1
2021,ORILABO Project GmbH,0,1,0,0,0,0.0,3,2
2021,Rysk GmbH,0,0,0,1,1,0.0,1,1
2021,NIRLAB science UG (haftungsbeschränkt),0,0,0,0,0,0.0,1,1
2021,Inspire Technologies GmbH,0,0,0,1,0,1.0,2,1
2021,Qdrant Solutions GmbH,0,1,1,1,1,0.0,12,4
2021,COUP Technologies UG (haftungsbeschränkt),0,0,0,0,1,0.0,1,1
2021,intestx GmbH,1,0,0,0,1,0.0,2,1
2021,Yonikorn GmbH,0,0,0,0,1,0.0,2,1
2021,natuamo GmbH,0,1,0,0,0,0.0,3,3
2021,FintechX GmbH,1,1,1,0,0,1.0,8,4
2021,Upmin Holding GmbH,1,1,1,1,1,1.0,11,3
2021,GOLFLEADS GmbH,0,0,1,1,0,0.0,4,1
2021,Crowd Technologies GmbH,0,0,1,0,0,0.0,2,1
2021,Female Health & Pleasure GmbH,0,0,0,0,1,1.0,3,1
2021,fraud0 GmbH,0,0,1,1,1,0.0,3,1
2021,Überland GmbH,0,1,1,0,0,0.0,4,2
2021,SemiMod UG (haftungsbeschränkt),0,0,0,1,0,0.0,1,1
2021,traide AI GmbH,0,0,0,1,1,0.0,1,1
2021,Mistho GmbH,1,1,0,1,1,1.0,3,2
2021,Panazee GmbH,1,0,0,1,0,1.0,2,1
2021,UMH Systems GmbH,0,0,0,1,0,0.0,2,1
2021,Payrails GmbH,1,1,1,1,1,1.0,14,2
2021,Recunited GmbH,0,0,0,0,1,0.0,1,1
2021,Collego GmbH,0,0,0,0,1,0.0,2,1
2021,AUTOVIO GmbH,1,1,0,1,1,0.0,8,2
2021,kroot GmbH,1,0,0,1,1,0.0,2,1
2021,Polymetis GmH,0,0,0,1,0,0.0,2,1
2021,MAYD Group GmbH,1,0,1,1,1,1.0,4,1
2021,Ayuna Hub UG (haftungsbeschränkt),0,0,0,0,0,0.0,2,1
2021,Creatify GmbH,0,1,0,1,0,0.0,2,2
2021,smartbax GmbH,1,0,0,1,1,0.0,2,1
2021,ZERO defects GmbH,0,0,0,0,1,0.0,3,1
2021,APOYNT Software GmbH,0,0,1,0,0,0.0,7,1
2021,Frida & Fritz GmbH,0,0,0,0,1,0.0,1,1
2021,SWAN Beauty Tech GmbH,0,0,1,1,0,0.0,6,1
2021,Gaudy Foods GmbH,1,0,0,1,1,1.0,1,1
2021,Massive Beams GmbH,0,0,0,0,1,0.0,4,1
2021,ZenKoPA GmbH,0,0,0,0,0,0.0,1,1
2021,CERTAIN GmbH,0,0,1,0,0,0.0,3,1
2021,nowomed science UG (haftungsbeschränkt),0,0,0,1,0,0.0,1,1
2021,NaPaGen UG (haftungsbeschränkt),0,0,0,0,0,0.0,3,1
2021,VoiceLine GmbH,1,1,1,0,1,1.0,11,4
2021,PXR Tech GmbH,1,0,1,1,1,0.0,2,1
2021,Hexflow GmbH,0,0,0,1,0,0.0,4,1
2021,baumento GmbH,0,0,0,1,0,0.0,2,1
2021,Kyon Energy GmbH,0,0,0,1,1,0.0,1,1
2021,Think-tech! GmbH,1,0,0,0,0,0.0,1,1
2021,Cytolytics GmbH,0,0,0,0,0,0.0,3,1
2021,Fiesta GmbH,1,0,0,0,0,0.0,3,1
2021,KitchX GmbH,0,0,1,1,0,0.0,5,1
2021,Grovy Tech GmbH,1,1,0,1,0,1.0,4,2
2021,Craft Clarity GmbH,0,0,1,1,1,0.0,3,1
2021,Regpit GmbH,1,0,0,1,1,0.0,1,1
2021,GA. Digital GmbH,0,0,0,1,0,0.0,1,1
2021,SESSIONS.link GmbH,0,1,1,1,1,0.0,5,2
2021,Simpmatch GmbH,1,1,1,1,1,1.0,12,3
2021,Climatiq Technologies GmbH,1,0,1,1,1,0.0,6,1
2021,IMG Fibertech GmbH,0,0,0,0,0,0.0,1,1
2021,Milkly GmbH,0,0,0,0,0,0.0,1,1
2021,Makula Technology GmbH,0,0,0,1,1,0.0,1,1
2021,Blue Planet Food GmbH,1,1,1,0,1,1.0,10,4
2021,Hyped Ventures GmbH,0,0,0,0,0,0.0,2,1
2021,021 Software GmbH,0,0,1,1,0,0.0,4,1
2021,inotronix GmbH,0,0,0,0,0,0.0,1,1
2021,MASSAY GmbH,0,0,0,1,1,0.0,1,1
2021,Datamin GmbH,1,1,1,1,1,1.0,5,2
2021,Teamsports AI GmbH,0,1,0,1,1,0.0,6,2
2021,TRAKKTIVE UG (haftungsbeschränkt),0,0,0,0,0,0.0,1,1
2021,HllVE UG (haftungsbeschränkt),0,0,0,1,1,1.0,1,1
2021,detective.solutions GmbH,0,0,0,0,0,0.0,1,1
2021,EnterData GmbH,0,0,0,0,0,0.0,1,1
2021,TCG-Vault GmbH,1,0,0,1,0,1.0,3,1
2021,Dearest GmbH,1,0,0,1,1,1.0,3,1
2021,PlanHero Software GmbH,0,1,0,1,0,0.0,2,2
2021,goodcarbon GmbH,0,0,0,1,1,0.0,3,1
2021,Flash Labs GmbH,1,0,0,0,1,1.0,1,1
2021,Countercheck GmbH,0,0,0,1,1,0.0,1,1
2021,kompensio UG (haftungsbeschränkt),0,0,0,0,0,0.0,4,1
2021,DPO STAR GmbH,1,0,1,1,1,0.0,4,1
2021,holy shocolate GmbH,0,0,0,0,1,0.0,4,1
2021,Dine In Taste GmbH,1,0,1,1,1,0.0,4,1
2021,Fysor GmbH,0,0,0,0,0,0.0,4,1
2021,NaPaGen GmbH,0,0,0,1,0,0.0,4,1
2021,210x Solutions GmbH,0,0,0,1,0,0.0,1,1
2021,eCash+ GmbH,0,1,1,0,0,0.0,5,2
2021,Aqarios GmbH,0,0,0,1,1,0.0,7,1
2021,Teslair GmbH,0,0,0,0,1,0.0,1,1
2021,Mind Your Orbit UG (haftungsbeschränkt),0,0,0,0,0,0.0,6,1
2021,myCor GmbH,0,0,1,0,0,0.0,6,1
2021,Balance 7 Health GmbH,0,0,1,0,0,0.0,5,1
2021,Atheneum Partners Holding GmbH,0,1,1,1,1,0.0,8,3
2021,FOGSTER Technologies GmbH,0,0,0,0,0,0.0,2,1
2021,Pionix GmbH,1,0,1,1,0,0.0,4,1
2021,Algenfels UG (haftungsbeschränkt),0,1,0,0,0,0.0,5,2
2021,maris digital GmbH,0,0,0,0,1,0.0,1,1
2021,Human First GmbH,1,1,1,1,1,1.0,13,5
2021,SpiNNcloud Systems GmbH,0,0,1,0,0,0.0,5,1
2021,StayRaus GmbH,1,1,1,1,1,1.0,11,3
2021,ANTICIPATE GmbH,0,0,0,1,0,0.0,1,1
2021,RS Recommerce Technologies GmbH,0,1,1,1,1,1.0,6,3
2021,Anyskill Technologies GmbH,1,1,1,1,1,0.0,11,5
2021,Yababa GmbH,1,1,1,1,1,1.0,11,2
2021,hugsandplugs GmbH,0,0,1,1,0,0.0,3,1
2021,Vistas Technology GmbH,0,0,0,1,1,0.0,1,1
2021,Themis Digital GmbH,0,0,0,1,1,0.0,3,1
2021,GamerGrid GmbH,0,0,1,1,0,0.0,5,1
2021,Goldn GmbH,1,1,1,1,0,1.0,10,3
2021,ShoeFitter GmbH,0,0,0,0,0,0.0,1,1
2021,Helsing GmbH,1,1,1,1,1,1.0,25,6
2021,TrustLane Solutions GmbH,1,0,1,0,0,0.0,4,1
2021,baybies GmbH,0,0,0,1,1,0.0,3,1
2021,Triviar Education GmbH,0,0,1,1,0,0.0,3,1
2021,mogenius GmbH,1,0,0,1,0,0.0,6,1
2021,noxt! GmbH,0,0,0,0,0,0.0,1,1
2021,Brain4Media GmbH,0,0,0,0,0,0.0,2,1
2021,Atlas Metrics GmbH,1,1,1,1,1,1.0,11,2
2021,Local to go GmbH,0,1,0,0,0,0.0,2,2
2021,Melted Entertainment GmbH,0,1,0,1,0,0.0,2,2
